{"v":"5.7.8","fr":24,"ip":0,"op":240,"w":1080,"h":1080,"nm":"RainX","ddd":0,"assets":[{"id":"comp_0","layers":[{"ddd":0,"ind":1,"ty":3,"nm":"NULL CONTROL","sr":1,"ks":{"o":{"a":0,"k":0,"ix":11},"r":{"k":[{"s":[8],"t":0,"i":{"x":[1],"y":[1]},"o":{"x":[0],"y":[0]}},{"s":[8],"t":360,"i":{"x":[1],"y":[1]},"o":{"x":[0],"y":[0]}}]},"p":{"a":0,"k":[510,500,0],"ix":2,"l":2},"a":{"a":0,"k":[60,60,0],"ix":1,"l":2},"s":{"a":0,"k":[100,100,100],"ix":6,"l":2}},"ao":0,"ef":[{"ty":5,"nm":"rainWind","np":3,"mn":"ADBE Angle Control","ix":1,"en":1,"ef":[{"ty":0,"nm":"Angle","mn":"ADBE Angle Control-0001","ix":1,"v":{"a":0,"k":8,"ix":1}}]}],"ip":-74.0740740740741,"op":366.366366366366,"st":-74.0740740740741,"bm":0},{"ddd":0,"ind":2,"ty":0,"nm":"RaindropSmall","parent":1,"refId":"comp_1","sr":1,"ks":{"o":{"a":0,"k":100,"ix":11},"r":{"a":0,"k":0,"ix":10},"p":{"a":0,"k":[-314,60,0],"ix":2,"l":2},"a":{"a":0,"k":[50,750,0],"ix":1,"l":2},"s":{"a":0,"k":[100,100,100],"ix":6,"l":2}},"ao":0,"w":100,"h":1500,"ip":74.0740740740741,"op":554.554554554555,"st":74.0740740740741,"bm":0},{"ddd":0,"ind":3,"ty":0,"nm":"RaindropSmall","parent":1,"refId":"comp_1","sr":1,"ks":{"o":{"a":0,"k":100,"ix":11},"r":{"a":0,"k":0,"ix":10},"p":{"a":0,"k":[362,60,0],"ix":2,"l":2},"a":{"a":0,"k":[50,750,0],"ix":1,"l":2},"s":{"a":0,"k":[100,100,100],"ix":6,"l":2}},"ao":0,"w":100,"h":1500,"ip":70.0700700700701,"op":550.55055055055,"st":70.0700700700701,"bm":0},{"ddd":0,"ind":4,"ty":0,"nm":"RaindropSmall","parent":1,"refId":"comp_1","sr":1,"ks":{"o":{"a":0,"k":100,"ix":11},"r":{"a":0,"k":0,"ix":10},"p":{"a":0,"k":[-306,60,0],"ix":2,"l":2},"a":{"a":0,"k":[50,750,0],"ix":1,"l":2},"s":{"a":0,"k":[100,100,100],"ix":6,"l":2}},"ao":0,"w":100,"h":1500,"ip":67.0670670670671,"op":547.547547547548,"st":67.0670670670671,"bm":0},{"ddd":0,"ind":5,"ty":0,"nm":"RaindropSmall","parent":1,"refId":"comp_1","sr":1,"ks":{"o":{"a":0,"k":100,"ix":11},"r":{"a":0,"k":0,"ix":10},"p":{"a":0,"k":[-306,60,0],"ix":2,"l":2},"a":{"a":0,"k":[50,750,0],"ix":1,"l":2},"s":{"a":0,"k":[100,100,100],"ix":6,"l":2}},"ao":0,"w":100,"h":1500,"ip":63.0630630630631,"op":543.543543543544,"st":63.0630630630631,"bm":0},{"ddd":0,"ind":6,"ty":0,"nm":"RaindropSmall","parent":1,"refId":"comp_1","sr":1,"ks":{"o":{"a":0,"k":100,"ix":11},"r":{"a":0,"k":0,"ix":10},"p":{"a":0,"k":[68,60,0],"ix":2,"l":2},"a":{"a":0,"k":[50,750,0],"ix":1,"l":2},"s":{"a":0,"k":[100,100,100],"ix":6,"l":2}},"ao":0,"w":100,"h":1500,"ip":60.0600600600601,"op":540.540540540541,"st":60.0600600600601,"bm":0},{"ddd":0,"ind":7,"ty":0,"nm":"RaindropSmall","parent":1,"refId":"comp_1","sr":1,"ks":{"o":{"a":0,"k":100,"ix":11},"r":{"a":0,"k":0,"ix":10},"p":{"a":0,"k":[-308,60,0],"ix":2,"l":2},"a":{"a":0,"k":[50,750,0],"ix":1,"l":2},"s":{"a":0,"k":[100,100,100],"ix":6,"l":2}},"ao":0,"w":100,"h":1500,"ip":57.0570570570571,"op":537.537537537538,"st":57.0570570570571,"bm":0},{"ddd":0,"ind":8,"ty":0,"nm":"RaindropSmall","parent":1,"refId":"comp_1","sr":1,"ks":{"o":{"a":0,"k":100,"ix":11},"r":{"a":0,"k":0,"ix":10},"p":{"a":0,"k":[290,60,0],"ix":2,"l":2},"a":{"a":0,"k":[50,750,0],"ix":1,"l":2},"s":{"a":0,"k":[100,100,100],"ix":6,"l":2}},"ao":0,"w":100,"h":1500,"ip":54.0540540540541,"op":534.534534534534,"st":54.0540540540541,"bm":0},{"ddd":0,"ind":9,"ty":0,"nm":"RaindropSmall","parent":1,"refId":"comp_1","sr":1,"ks":{"o":{"a":0,"k":100,"ix":11},"r":{"a":0,"k":0,"ix":10},"p":{"a":0,"k":[0,60,0],"ix":2,"l":2},"a":{"a":0,"k":[50,750,0],"ix":1,"l":2},"s":{"a":0,"k":[100,100,100],"ix":6,"l":2}},"ao":0,"w":100,"h":1500,"ip":20.02002002002,"op":500.5005005005,"st":20.02002002002,"bm":0},{"ddd":0,"ind":10,"ty":0,"nm":"RaindropSmall","parent":1,"refId":"comp_1","sr":1,"ks":{"o":{"a":0,"k":100,"ix":11},"r":{"a":0,"k":0,"ix":10},"p":{"a":0,"k":[-136,60,0],"ix":2,"l":2},"a":{"a":0,"k":[50,750,0],"ix":1,"l":2},"s":{"a":0,"k":[100,100,100],"ix":6,"l":2}},"ao":0,"w":100,"h":1500,"ip":25.025025025025,"op":505.505505505505,"st":25.025025025025,"bm":0},{"ddd":0,"ind":11,"ty":0,"nm":"RaindropSmall","parent":1,"refId":"comp_1","sr":1,"ks":{"o":{"a":0,"k":100,"ix":11},"r":{"a":0,"k":0,"ix":10},"p":{"a":0,"k":[182,60,0],"ix":2,"l":2},"a":{"a":0,"k":[50,750,0],"ix":1,"l":2},"s":{"a":0,"k":[100,100,100],"ix":6,"l":2}},"ao":0,"w":100,"h":1500,"ip":42.042042042042,"op":522.522522522523,"st":42.042042042042,"bm":0},{"ddd":0,"ind":12,"ty":0,"nm":"RaindropSmall","parent":1,"refId":"comp_1","sr":1,"ks":{"o":{"a":0,"k":100,"ix":11},"r":{"a":0,"k":0,"ix":10},"p":{"a":0,"k":[-148,60,0],"ix":2,"l":2},"a":{"a":0,"k":[50,750,0],"ix":1,"l":2},"s":{"a":0,"k":[100,100,100],"ix":6,"l":2}},"ao":0,"w":100,"h":1500,"ip":39.039039039039,"op":519.51951951952,"st":39.039039039039,"bm":0},{"ddd":0,"ind":13,"ty":0,"nm":"RaindropSmall","parent":1,"refId":"comp_1","sr":1,"ks":{"o":{"a":0,"k":100,"ix":11},"r":{"a":0,"k":0,"ix":10},"p":{"a":0,"k":[130,60,0],"ix":2,"l":2},"a":{"a":0,"k":[50,750,0],"ix":1,"l":2},"s":{"a":0,"k":[100,100,100],"ix":6,"l":2}},"ao":0,"w":100,"h":1500,"ip":17.017017017017,"op":497.497497497498,"st":17.017017017017,"bm":0},{"ddd":0,"ind":14,"ty":0,"nm":"RaindropSmall","parent":1,"refId":"comp_1","sr":1,"ks":{"o":{"a":0,"k":100,"ix":11},"r":{"a":0,"k":0,"ix":10},"p":{"a":0,"k":[-72,60,0],"ix":2,"l":2},"a":{"a":0,"k":[50,750,0],"ix":1,"l":2},"s":{"a":0,"k":[100,100,100],"ix":6,"l":2}},"ao":0,"w":100,"h":1500,"ip":32.032032032032,"op":512.512512512512,"st":32.032032032032,"bm":0},{"ddd":0,"ind":15,"ty":0,"nm":"RaindropSmall","parent":1,"refId":"comp_1","sr":1,"ks":{"o":{"a":0,"k":100,"ix":11},"r":{"a":0,"k":0,"ix":10},"p":{"a":0,"k":[394,60,0],"ix":2,"l":2},"a":{"a":0,"k":[50,750,0],"ix":1,"l":2},"s":{"a":0,"k":[100,100,100],"ix":6,"l":2}},"ao":0,"w":100,"h":1500,"ip":29.029029029029,"op":509.509509509509,"st":29.029029029029,"bm":0},{"ddd":0,"ind":16,"ty":0,"nm":"RaindropSmall","parent":1,"refId":"comp_1","sr":1,"ks":{"o":{"a":0,"k":100,"ix":11},"r":{"a":0,"k":0,"ix":10},"p":{"a":0,"k":[234,60,0],"ix":2,"l":2},"a":{"a":0,"k":[50,750,0],"ix":1,"l":2},"s":{"a":0,"k":[100,100,100],"ix":6,"l":2}},"ao":0,"w":100,"h":1500,"ip":27.027027027027,"op":507.507507507508,"st":27.027027027027,"bm":0},{"ddd":0,"ind":17,"ty":0,"nm":"RaindropSmall","parent":1,"refId":"comp_1","sr":1,"ks":{"o":{"a":0,"k":100,"ix":11},"r":{"a":0,"k":0,"ix":10},"p":{"a":0,"k":[380,60,0],"ix":2,"l":2},"a":{"a":0,"k":[50,750,0],"ix":1,"l":2},"s":{"a":0,"k":[100,100,100],"ix":6,"l":2}},"ao":0,"w":100,"h":1500,"ip":24.024024024024,"op":504.504504504504,"st":24.024024024024,"bm":0},{"ddd":0,"ind":18,"ty":0,"nm":"RaindropSmall","parent":1,"refId":"comp_1","sr":1,"ks":{"o":{"a":0,"k":100,"ix":11},"r":{"a":0,"k":0,"ix":10},"p":{"a":0,"k":[482,60,0],"ix":2,"l":2},"a":{"a":0,"k":[50,750,0],"ix":1,"l":2},"s":{"a":0,"k":[100,100,100],"ix":6,"l":2}},"ao":0,"w":100,"h":1500,"ip":19.019019019019,"op":499.4994994995,"st":19.019019019019,"bm":0},{"ddd":0,"ind":19,"ty":0,"nm":"RaindropSmall","parent":1,"refId":"comp_1","sr":1,"ks":{"o":{"a":0,"k":100,"ix":11},"r":{"a":0,"k":0,"ix":10},"p":{"a":0,"k":[-322,60,0],"ix":2,"l":2},"a":{"a":0,"k":[50,750,0],"ix":1,"l":2},"s":{"a":0,"k":[100,100,100],"ix":6,"l":2}},"ao":0,"w":100,"h":1500,"ip":20.02002002002,"op":500.5005005005,"st":20.02002002002,"bm":0},{"ddd":0,"ind":20,"ty":0,"nm":"RaindropSmall","parent":1,"refId":"comp_1","sr":1,"ks":{"o":{"a":0,"k":100,"ix":11},"r":{"a":0,"k":0,"ix":10},"p":{"a":0,"k":[-368,60,0],"ix":2,"l":2},"a":{"a":0,"k":[50,750,0],"ix":1,"l":2},"s":{"a":0,"k":[100,100,100],"ix":6,"l":2}},"ao":0,"w":100,"h":1500,"ip":13.013013013013,"op":493.493493493493,"st":13.013013013013,"bm":0},{"ddd":0,"ind":21,"ty":0,"nm":"RaindropSmall","parent":1,"refId":"comp_1","sr":1,"ks":{"o":{"a":0,"k":100,"ix":11},"r":{"a":0,"k":0,"ix":10},"p":{"a":0,"k":[-32,60,0],"ix":2,"l":2},"a":{"a":0,"k":[50,750,0],"ix":1,"l":2},"s":{"a":0,"k":[100,100,100],"ix":6,"l":2}},"ao":0,"w":100,"h":1500,"ip":9.00900900900901,"op":489.48948948949,"st":9.00900900900901,"bm":0},{"ddd":0,"ind":22,"ty":0,"nm":"RaindropSmall","parent":1,"refId":"comp_1","sr":1,"ks":{"o":{"a":0,"k":100,"ix":11},"r":{"a":0,"k":0,"ix":10},"p":{"a":0,"k":[-96,60,0],"ix":2,"l":2},"a":{"a":0,"k":[50,750,0],"ix":1,"l":2},"s":{"a":0,"k":[100,100,100],"ix":6,"l":2}},"ao":0,"w":100,"h":1500,"ip":7.00700700700701,"op":487.487487487487,"st":7.00700700700701,"bm":0},{"ddd":0,"ind":23,"ty":0,"nm":"RaindropSmall","parent":1,"refId":"comp_1","sr":1,"ks":{"o":{"a":0,"k":100,"ix":11},"r":{"a":0,"k":0,"ix":10},"p":{"a":0,"k":[158,60,0],"ix":2,"l":2},"a":{"a":0,"k":[50,750,0],"ix":1,"l":2},"s":{"a":0,"k":[100,100,100],"ix":6,"l":2}},"ao":0,"w":100,"h":1500,"ip":4.004004004004,"op":484.484484484484,"st":4.004004004004,"bm":0},{"ddd":0,"ind":24,"ty":0,"nm":"RaindropSmall","parent":1,"refId":"comp_1","sr":1,"ks":{"o":{"a":0,"k":100,"ix":11},"r":{"a":0,"k":0,"ix":10},"p":{"a":0,"k":[50,60,0],"ix":2,"l":2},"a":{"a":0,"k":[50,750,0],"ix":1,"l":2},"s":{"a":0,"k":[100,100,100],"ix":6,"l":2}},"ao":0,"w":100,"h":1500,"ip":0,"op":480.48048048048,"st":0,"bm":0},{"ddd":0,"ind":25,"ty":0,"nm":"RaindropMedium","parent":1,"refId":"comp_2","sr":1,"ks":{"o":{"a":0,"k":100,"ix":11},"r":{"a":0,"k":0,"ix":10},"p":{"a":0,"k":[-54,44,0],"ix":2,"l":2},"a":{"a":0,"k":[50,750,0],"ix":1,"l":2},"s":{"a":0,"k":[100,100,100],"ix":6,"l":2}},"ao":0,"w":100,"h":1500,"ip":35.035035035035,"op":515.515515515516,"st":35.035035035035,"bm":0},{"ddd":0,"ind":26,"ty":0,"nm":"RaindropMedium","parent":1,"refId":"comp_2","sr":1,"ks":{"o":{"a":0,"k":100,"ix":11},"r":{"a":0,"k":0,"ix":10},"p":{"a":0,"k":[178,44,0],"ix":2,"l":2},"a":{"a":0,"k":[50,750,0],"ix":1,"l":2},"s":{"a":0,"k":[100,100,100],"ix":6,"l":2}},"ao":0,"w":100,"h":1500,"ip":42.042042042042,"op":522.522522522523,"st":42.042042042042,"bm":0},{"ddd":0,"ind":27,"ty":0,"nm":"RaindropMedium","parent":1,"refId":"comp_2","sr":1,"ks":{"o":{"a":0,"k":100,"ix":11},"r":{"a":0,"k":0,"ix":10},"p":{"a":0,"k":[446,44,0],"ix":2,"l":2},"a":{"a":0,"k":[50,750,0],"ix":1,"l":2},"s":{"a":0,"k":[100,100,100],"ix":6,"l":2}},"ao":0,"w":100,"h":1500,"ip":48.0480480480481,"op":528.528528528529,"st":48.0480480480481,"bm":0},{"ddd":0,"ind":28,"ty":0,"nm":"RaindropMedium","parent":1,"refId":"comp_2","sr":1,"ks":{"o":{"a":0,"k":100,"ix":11},"r":{"a":0,"k":0,"ix":10},"p":{"a":0,"k":[-342,60,0],"ix":2,"l":2},"a":{"a":0,"k":[50,750,0],"ix":1,"l":2},"s":{"a":0,"k":[100,100,100],"ix":6,"l":2}},"ao":0,"w":100,"h":1500,"ip":60.0600600600601,"op":540.540540540541,"st":60.0600600600601,"bm":0},{"ddd":0,"ind":29,"ty":0,"nm":"RaindropMedium","parent":1,"refId":"comp_2","sr":1,"ks":{"o":{"a":0,"k":100,"ix":11},"r":{"a":0,"k":0,"ix":10},"p":{"a":0,"k":[-134,60,0],"ix":2,"l":2},"a":{"a":0,"k":[50,750,0],"ix":1,"l":2},"s":{"a":0,"k":[100,100,100],"ix":6,"l":2}},"ao":0,"w":100,"h":1500,"ip":39.039039039039,"op":519.51951951952,"st":39.039039039039,"bm":0},{"ddd":0,"ind":30,"ty":0,"nm":"RaindropMedium","parent":1,"refId":"comp_2","sr":1,"ks":{"o":{"a":0,"k":100,"ix":11},"r":{"a":0,"k":0,"ix":10},"p":{"a":0,"k":[-198,60,0],"ix":2,"l":2},"a":{"a":0,"k":[50,750,0],"ix":1,"l":2},"s":{"a":0,"k":[100,100,100],"ix":6,"l":2}},"ao":0,"w":100,"h":1500,"ip":48.0480480480481,"op":528.528528528529,"st":48.0480480480481,"bm":0},{"ddd":0,"ind":31,"ty":0,"nm":"RaindropMedium","parent":1,"refId":"comp_2","sr":1,"ks":{"o":{"a":0,"k":100,"ix":11},"r":{"a":0,"k":0,"ix":10},"p":{"a":0,"k":[274,60,0],"ix":2,"l":2},"a":{"a":0,"k":[50,750,0],"ix":1,"l":2},"s":{"a":0,"k":[100,100,100],"ix":6,"l":2}},"ao":0,"w":100,"h":1500,"ip":38.038038038038,"op":518.518518518518,"st":38.038038038038,"bm":0},{"ddd":0,"ind":32,"ty":0,"nm":"RaindropMedium","parent":1,"refId":"comp_2","sr":1,"ks":{"o":{"a":0,"k":100,"ix":11},"r":{"a":0,"k":0,"ix":10},"p":{"a":0,"k":[50,60,0],"ix":2,"l":2},"a":{"a":0,"k":[50,750,0],"ix":1,"l":2},"s":{"a":0,"k":[100,100,100],"ix":6,"l":2}},"ao":0,"w":100,"h":1500,"ip":24.024024024024,"op":504.504504504504,"st":24.024024024024,"bm":0},{"ddd":0,"ind":33,"ty":0,"nm":"RaindropMedium","parent":1,"refId":"comp_2","sr":1,"ks":{"o":{"a":0,"k":100,"ix":11},"r":{"a":0,"k":0,"ix":10},"p":{"a":0,"k":[-54,44,0],"ix":2,"l":2},"a":{"a":0,"k":[50,750,0],"ix":1,"l":2},"s":{"a":0,"k":[100,100,100],"ix":6,"l":2}},"ao":0,"w":100,"h":1500,"ip":31.031031031031,"op":511.511511511511,"st":31.031031031031,"bm":0},{"ddd":0,"ind":34,"ty":0,"nm":"RaindropMedium","parent":1,"refId":"comp_2","sr":1,"ks":{"o":{"a":0,"k":100,"ix":11},"r":{"a":0,"k":0,"ix":10},"p":{"a":0,"k":[178,44,0],"ix":2,"l":2},"a":{"a":0,"k":[50,750,0],"ix":1,"l":2},"s":{"a":0,"k":[100,100,100],"ix":6,"l":2}},"ao":0,"w":100,"h":1500,"ip":27.027027027027,"op":507.507507507508,"st":27.027027027027,"bm":0},{"ddd":0,"ind":35,"ty":0,"nm":"RaindropMedium","parent":1,"refId":"comp_2","sr":1,"ks":{"o":{"a":0,"k":100,"ix":11},"r":{"a":0,"k":0,"ix":10},"p":{"a":0,"k":[446,44,0],"ix":2,"l":2},"a":{"a":0,"k":[50,750,0],"ix":1,"l":2},"s":{"a":0,"k":[100,100,100],"ix":6,"l":2}},"ao":0,"w":100,"h":1500,"ip":36.036036036036,"op":516.516516516517,"st":36.036036036036,"bm":0},{"ddd":0,"ind":36,"ty":0,"nm":"RaindropMedium","parent":1,"refId":"comp_2","sr":1,"ks":{"o":{"a":0,"k":100,"ix":11},"r":{"a":0,"k":0,"ix":10},"p":{"a":0,"k":[-342,60,0],"ix":2,"l":2},"a":{"a":0,"k":[50,750,0],"ix":1,"l":2},"s":{"a":0,"k":[100,100,100],"ix":6,"l":2}},"ao":0,"w":100,"h":1500,"ip":31.031031031031,"op":511.511511511511,"st":31.031031031031,"bm":0},{"ddd":0,"ind":37,"ty":0,"nm":"RaindropMedium","parent":1,"refId":"comp_2","sr":1,"ks":{"o":{"a":0,"k":100,"ix":11},"r":{"a":0,"k":0,"ix":10},"p":{"a":0,"k":[-134,60,0],"ix":2,"l":2},"a":{"a":0,"k":[50,750,0],"ix":1,"l":2},"s":{"a":0,"k":[100,100,100],"ix":6,"l":2}},"ao":0,"w":100,"h":1500,"ip":24.024024024024,"op":504.504504504504,"st":24.024024024024,"bm":0},{"ddd":0,"ind":38,"ty":0,"nm":"RaindropMedium","parent":1,"refId":"comp_2","sr":1,"ks":{"o":{"a":0,"k":100,"ix":11},"r":{"a":0,"k":0,"ix":10},"p":{"a":0,"k":[-198,60,0],"ix":2,"l":2},"a":{"a":0,"k":[50,750,0],"ix":1,"l":2},"s":{"a":0,"k":[100,100,100],"ix":6,"l":2}},"ao":0,"w":100,"h":1500,"ip":19.019019019019,"op":499.4994994995,"st":19.019019019019,"bm":0},{"ddd":0,"ind":39,"ty":0,"nm":"RaindropMedium","parent":1,"refId":"comp_2","sr":1,"ks":{"o":{"a":0,"k":100,"ix":11},"r":{"a":0,"k":0,"ix":10},"p":{"a":0,"k":[274,60,0],"ix":2,"l":2},"a":{"a":0,"k":[50,750,0],"ix":1,"l":2},"s":{"a":0,"k":[100,100,100],"ix":6,"l":2}},"ao":0,"w":100,"h":1500,"ip":10.01001001001,"op":490.490490490491,"st":10.01001001001,"bm":0},{"ddd":0,"ind":40,"ty":0,"nm":"RaindropMedium","parent":1,"refId":"comp_2","sr":1,"ks":{"o":{"a":0,"k":100,"ix":11},"r":{"a":0,"k":0,"ix":10},"p":{"a":0,"k":[50,60,0],"ix":2,"l":2},"a":{"a":0,"k":[50,750,0],"ix":1,"l":2},"s":{"a":0,"k":[100,100,100],"ix":6,"l":2}},"ao":0,"w":100,"h":1500,"ip":17.017017017017,"op":497.497497497498,"st":17.017017017017,"bm":0},{"ddd":0,"ind":41,"ty":0,"nm":"RaindropMedium","parent":1,"refId":"comp_2","sr":1,"ks":{"o":{"a":0,"k":100,"ix":11},"r":{"a":0,"k":0,"ix":10},"p":{"a":0,"k":[-54,44,0],"ix":2,"l":2},"a":{"a":0,"k":[50,750,0],"ix":1,"l":2},"s":{"a":0,"k":[100,100,100],"ix":6,"l":2}},"ao":0,"w":100,"h":1500,"ip":12.012012012012,"op":492.492492492492,"st":12.012012012012,"bm":0},{"ddd":0,"ind":42,"ty":0,"nm":"RaindropMedium","parent":1,"refId":"comp_2","sr":1,"ks":{"o":{"a":0,"k":100,"ix":11},"r":{"a":0,"k":0,"ix":10},"p":{"a":0,"k":[178,44,0],"ix":2,"l":2},"a":{"a":0,"k":[50,750,0],"ix":1,"l":2},"s":{"a":0,"k":[100,100,100],"ix":6,"l":2}},"ao":0,"w":100,"h":1500,"ip":8.00800800800801,"op":488.488488488488,"st":8.00800800800801,"bm":0},{"ddd":0,"ind":43,"ty":0,"nm":"RaindropMedium","parent":1,"refId":"comp_2","sr":1,"ks":{"o":{"a":0,"k":100,"ix":11},"r":{"a":0,"k":0,"ix":10},"p":{"a":0,"k":[446,44,0],"ix":2,"l":2},"a":{"a":0,"k":[50,750,0],"ix":1,"l":2},"s":{"a":0,"k":[100,100,100],"ix":6,"l":2}},"ao":0,"w":100,"h":1500,"ip":17.017017017017,"op":497.497497497498,"st":17.017017017017,"bm":0},{"ddd":0,"ind":44,"ty":0,"nm":"RaindropMedium","parent":1,"refId":"comp_2","sr":1,"ks":{"o":{"a":0,"k":100,"ix":11},"r":{"a":0,"k":0,"ix":10},"p":{"a":0,"k":[-342,60,0],"ix":2,"l":2},"a":{"a":0,"k":[50,750,0],"ix":1,"l":2},"s":{"a":0,"k":[100,100,100],"ix":6,"l":2}},"ao":0,"w":100,"h":1500,"ip":14.014014014014,"op":494.494494494494,"st":14.014014014014,"bm":0},{"ddd":0,"ind":45,"ty":0,"nm":"RaindropMedium","parent":1,"refId":"comp_2","sr":1,"ks":{"o":{"a":0,"k":100,"ix":11},"r":{"a":0,"k":0,"ix":10},"p":{"a":0,"k":[-134,60,0],"ix":2,"l":2},"a":{"a":0,"k":[50,750,0],"ix":1,"l":2},"s":{"a":0,"k":[100,100,100],"ix":6,"l":2}},"ao":0,"w":100,"h":1500,"ip":11.011011011011,"op":491.491491491492,"st":11.011011011011,"bm":0},{"ddd":0,"ind":46,"ty":0,"nm":"RaindropMedium","parent":1,"refId":"comp_2","sr":1,"ks":{"o":{"a":0,"k":100,"ix":11},"r":{"a":0,"k":0,"ix":10},"p":{"a":0,"k":[-198,60,0],"ix":2,"l":2},"a":{"a":0,"k":[50,750,0],"ix":1,"l":2},"s":{"a":0,"k":[100,100,100],"ix":6,"l":2}},"ao":0,"w":100,"h":1500,"ip":9.00900900900901,"op":489.48948948949,"st":9.00900900900901,"bm":0},{"ddd":0,"ind":47,"ty":0,"nm":"RaindropMedium","parent":1,"refId":"comp_2","sr":1,"ks":{"o":{"a":0,"k":100,"ix":11},"r":{"a":0,"k":0,"ix":10},"p":{"a":0,"k":[274,60,0],"ix":2,"l":2},"a":{"a":0,"k":[50,750,0],"ix":1,"l":2},"s":{"a":0,"k":[100,100,100],"ix":6,"l":2}},"ao":0,"w":100,"h":1500,"ip":3.003003003003,"op":483.483483483483,"st":3.003003003003,"bm":0},{"ddd":0,"ind":48,"ty":0,"nm":"RaindropMedium","parent":1,"refId":"comp_2","sr":1,"ks":{"o":{"a":0,"k":100,"ix":11},"r":{"a":0,"k":0,"ix":10},"p":{"a":0,"k":[50,60,0],"ix":2,"l":2},"a":{"a":0,"k":[50,750,0],"ix":1,"l":2},"s":{"a":0,"k":[100,100,100],"ix":6,"l":2}},"ao":0,"w":100,"h":1500,"ip":0,"op":480.48048048048,"st":0,"bm":0},{"ddd":0,"ind":49,"ty":0,"nm":"RaindropBig","parent":1,"refId":"comp_3","sr":1,"ks":{"o":{"a":0,"k":100,"ix":11},"r":{"a":0,"k":0,"ix":10},"p":{"a":0,"k":[462,60,0],"ix":2,"l":2},"a":{"a":0,"k":[50,750,0],"ix":1,"l":2},"s":{"a":0,"k":[100,100,100],"ix":6,"l":2}},"ao":0,"w":100,"h":1500,"ip":19.019019019019,"op":387.387387387387,"st":19.019019019019,"bm":0},{"ddd":0,"ind":50,"ty":0,"nm":"RaindropBig","parent":1,"refId":"comp_3","sr":1,"ks":{"o":{"a":0,"k":100,"ix":11},"r":{"a":0,"k":0,"ix":10},"p":{"a":0,"k":[390,60,0],"ix":2,"l":2},"a":{"a":0,"k":[50,750,0],"ix":1,"l":2},"s":{"a":0,"k":[100,100,100],"ix":6,"l":2}},"ao":0,"w":100,"h":1500,"ip":26.026026026026,"op":394.394394394394,"st":26.026026026026,"bm":0},{"ddd":0,"ind":51,"ty":0,"nm":"RaindropBig","parent":1,"refId":"comp_3","sr":1,"ks":{"o":{"a":0,"k":100,"ix":11},"r":{"a":0,"k":0,"ix":10},"p":{"a":0,"k":[42,60,0],"ix":2,"l":2},"a":{"a":0,"k":[50,750,0],"ix":1,"l":2},"s":{"a":0,"k":[100,100,100],"ix":6,"l":2}},"ao":0,"w":100,"h":1500,"ip":19.019019019019,"op":387.387387387387,"st":19.019019019019,"bm":0},{"ddd":0,"ind":52,"ty":0,"nm":"RaindropBig","parent":1,"refId":"comp_3","sr":1,"ks":{"o":{"a":0,"k":100,"ix":11},"r":{"a":0,"k":0,"ix":10},"p":{"a":0,"k":[-146,60,0],"ix":2,"l":2},"a":{"a":0,"k":[50,750,0],"ix":1,"l":2},"s":{"a":0,"k":[100,100,100],"ix":6,"l":2}},"ao":0,"w":100,"h":1500,"ip":14.014014014014,"op":382.382382382382,"st":14.014014014014,"bm":0},{"ddd":0,"ind":53,"ty":0,"nm":"RaindropBig","parent":1,"refId":"comp_3","sr":1,"ks":{"o":{"a":0,"k":100,"ix":11},"r":{"a":0,"k":0,"ix":10},"p":{"a":0,"k":[-246,60,0],"ix":2,"l":2},"a":{"a":0,"k":[50,750,0],"ix":1,"l":2},"s":{"a":0,"k":[100,100,100],"ix":6,"l":2}},"ao":0,"w":100,"h":1500,"ip":10.01001001001,"op":378.378378378378,"st":10.01001001001,"bm":0},{"ddd":0,"ind":54,"ty":0,"nm":"RaindropBig","parent":1,"refId":"comp_3","sr":1,"ks":{"o":{"a":0,"k":100,"ix":11},"r":{"a":0,"k":0,"ix":10},"p":{"a":0,"k":[242,60,0],"ix":2,"l":2},"a":{"a":0,"k":[50,750,0],"ix":1,"l":2},"s":{"a":0,"k":[100,100,100],"ix":6,"l":2}},"ao":0,"w":100,"h":1500,"ip":4.004004004004,"op":372.372372372372,"st":4.004004004004,"bm":0},{"ddd":0,"ind":55,"ty":0,"nm":"RaindropBig","parent":1,"refId":"comp_3","sr":1,"ks":{"o":{"a":0,"k":100,"ix":11},"r":{"a":0,"k":0,"ix":10},"p":{"a":0,"k":[-342,60,0],"ix":2,"l":2},"a":{"a":0,"k":[50,750,0],"ix":1,"l":2},"s":{"a":0,"k":[100,100,100],"ix":6,"l":2}},"ao":0,"w":100,"h":1500,"ip":0,"op":368.368368368368,"st":0,"bm":0}]},{"id":"comp_1","layers":[{"ddd":0,"ind":1,"ty":4,"nm":"Shape Layer 1","sr":1,"ks":{"o":{"a":0,"k":100,"ix":11},"r":{"a":0,"k":0,"ix":10},"p":{"k":[{"s":[50,-36.5,0],"t":0,"i":{"x":1,"y":1},"o":{"x":0,"y":0}},{"s":[50,-35.382,0],"t":1,"i":{"x":1,"y":1},"o":{"x":0,"y":0}},{"s":[50,-32.012,0],"t":2,"i":{"x":1,"y":1},"o":{"x":0,"y":0}},{"s":[50,-26.453,0],"t":3,"i":{"x":1,"y":1},"o":{"x":0,"y":0}},{"s":[50,-18.809,0],"t":4,"i":{"x":1,"y":1},"o":{"x":0,"y":0}},{"s":[50,-9.123,0],"t":5,"i":{"x":1,"y":1},"o":{"x":0,"y":0}},{"s":[50,2.54,0],"t":6,"i":{"x":1,"y":1},"o":{"x":0,"y":0}},{"s":[50,16.119,0],"t":7,"i":{"x":1,"y":1},"o":{"x":0,"y":0}},{"s":[50,31.551,0],"t":8,"i":{"x":1,"y":1},"o":{"x":0,"y":0}},{"s":[50,48.767,0],"t":9,"i":{"x":1,"y":1},"o":{"x":0,"y":0}},{"s":[50,67.7,0],"t":10,"i":{"x":1,"y":1},"o":{"x":0,"y":0}},{"s":[50,88.292,0],"t":11,"i":{"x":1,"y":1},"o":{"x":0,"y":0}},{"s":[50,110.486,0],"t":12,"i":{"x":1,"y":1},"o":{"x":0,"y":0}},{"s":[50,134.213,0],"t":13,"i":{"x":1,"y":1},"o":{"x":0,"y":0}},{"s":[50,159.403,0],"t":14,"i":{"x":1,"y":1},"o":{"x":0,"y":0}},{"s":[50,185.993,0],"t":15,"i":{"x":1,"y":1},"o":{"x":0,"y":0}},{"s":[50,213.93,0],"t":16,"i":{"x":1,"y":1},"o":{"x":0,"y":0}},{"s":[50,243.148,0],"t":17,"i":{"x":1,"y":1},"o":{"x":0,"y":0}},{"s":[50,273.575,0],"t":18,"i":{"x":1,"y":1},"o":{"x":0,"y":0}},{"s":[50,305.145,0],"t":19,"i":{"x":1,"y":1},"o":{"x":0,"y":0}},{"s":[50,337.801,0],"t":20,"i":{"x":1,"y":1},"o":{"x":0,"y":0}},{"s":[50,371.487,0],"t":21,"i":{"x":1,"y":1},"o":{"x":0,"y":0}},{"s":[50,406.13,0],"t":22,"i":{"x":1,"y":1},"o":{"x":0,"y":0}},{"s":[50,441.663,0],"t":23,"i":{"x":1,"y":1},"o":{"x":0,"y":0}},{"s":[50,478.024,0],"t":24,"i":{"x":1,"y":1},"o":{"x":0,"y":0}},{"s":[50,515.158,0],"t":25,"i":{"x":1,"y":1},"o":{"x":0,"y":0}},{"s":[50,552.994,0],"t":26,"i":{"x":1,"y":1},"o":{"x":0,"y":0}},{"s":[50,591.468,0],"t":27,"i":{"x":1,"y":1},"o":{"x":0,"y":0}},{"s":[50,630.519,0],"t":28,"i":{"x":1,"y":1},"o":{"x":0,"y":0}},{"s":[50,670.084,0],"t":29,"i":{"x":1,"y":1},"o":{"x":0,"y":0}},{"s":[50,710.094,0],"t":30,"i":{"x":1,"y":1},"o":{"x":0,"y":0}},{"s":[50,750.489,0],"t":31,"i":{"x":1,"y":1},"o":{"x":0,"y":0}},{"s":[50,791.207,0],"t":32,"i":{"x":1,"y":1},"o":{"x":0,"y":0}},{"s":[50,832.183,0],"t":33,"i":{"x":1,"y":1},"o":{"x":0,"y":0}},{"s":[50,873.351,0],"t":34,"i":{"x":1,"y":1},"o":{"x":0,"y":0}},{"s":[50,914.647,0],"t":35,"i":{"x":1,"y":1},"o":{"x":0,"y":0}},{"s":[50,997.371,0],"t":37,"i":{"x":1,"y":1},"o":{"x":0,"y":0}},{"s":[50,1038.673,0],"t":38,"i":{"x":1,"y":1},"o":{"x":0,"y":0}},{"s":[50,1079.853,0],"t":39,"i":{"x":1,"y":1},"o":{"x":0,"y":0}},{"s":[50,1120.846,0],"t":40,"i":{"x":1,"y":1},"o":{"x":0,"y":0}},{"s":[50,1161.586,0],"t":41,"i":{"x":1,"y":1},"o":{"x":0,"y":0}},{"s":[50,1202.007,0],"t":42,"i":{"x":1,"y":1},"o":{"x":0,"y":0}},{"s":[50,1242.047,0],"t":43,"i":{"x":1,"y":1},"o":{"x":0,"y":0}},{"s":[50,1281.645,0],"t":44,"i":{"x":1,"y":1},"o":{"x":0,"y":0}},{"s":[50,1320.737,0],"t":45,"i":{"x":1,"y":1},"o":{"x":0,"y":0}},{"s":[50,1359.254,0],"t":46,"i":{"x":1,"y":1},"o":{"x":0,"y":0}},{"s":[50,1397.136,0],"t":47,"i":{"x":1,"y":1},"o":{"x":0,"y":0}},{"s":[50,1434.323,0],"t":48,"i":{"x":1,"y":1},"o":{"x":0,"y":0}},{"s":[50,1470.747,0],"t":49,"i":{"x":1,"y":1},"o":{"x":0,"y":0}},{"s":[50,1506.34,0],"t":50,"i":{"x":1,"y":1},"o":{"x":0,"y":0}},{"s":[50,1541.044,0],"t":51,"i":{"x":1,"y":1},"o":{"x":0,"y":0}},{"s":[50,1574.8,0],"t":52,"i":{"x":1,"y":1},"o":{"x":0,"y":0}},{"s":[50,1607.541,0],"t":53,"i":{"x":1,"y":1},"o":{"x":0,"y":0}},{"s":[50,1639.193,0],"t":54,"i":{"x":1,"y":1},"o":{"x":0,"y":0}},{"s":[50,1669.7,0],"t":55,"i":{"x":1,"y":1},"o":{"x":0,"y":0}},{"s":[50,1699.004,0],"t":56,"i":{"x":1,"y":1},"o":{"x":0,"y":0}},{"s":[50,1727.038,0],"t":57,"i":{"x":1,"y":1},"o":{"x":0,"y":0}},{"s":[50,1753.729,0],"t":58,"i":{"x":1,"y":1},"o":{"x":0,"y":0}},{"s":[50,1779.019,0],"t":59,"i":{"x":1,"y":1},"o":{"x":0,"y":0}},{"s":[50,1802.851,0],"t":60,"i":{"x":1,"y":1},"o":{"x":0,"y":0}},{"s":[50,1825.16,0],"t":61,"i":{"x":1,"y":1},"o":{"x":0,"y":0}},{"s":[50,1845.874,0],"t":62,"i":{"x":1,"y":1},"o":{"x":0,"y":0}},{"s":[50,1864.929,0],"t":63,"i":{"x":1,"y":1},"o":{"x":0,"y":0}},{"s":[50,1882.269,0],"t":64,"i":{"x":1,"y":1},"o":{"x":0,"y":0}},{"s":[50,1897.83,0],"t":65,"i":{"x":1,"y":1},"o":{"x":0,"y":0}},{"s":[50,1911.545,0],"t":66,"i":{"x":1,"y":1},"o":{"x":0,"y":0}},{"s":[50,1923.348,0],"t":67,"i":{"x":1,"y":1},"o":{"x":0,"y":0}},{"s":[50,1933.178,0],"t":68,"i":{"x":1,"y":1},"o":{"x":0,"y":0}},{"s":[50,1940.972,0],"t":69,"i":{"x":1,"y":1},"o":{"x":0,"y":0}},{"s":[50,1946.682,0],"t":70,"i":{"x":1,"y":1},"o":{"x":0,"y":0}},{"s":[50,1950.215,0],"t":71,"i":{"x":1,"y":1},"o":{"x":0,"y":0}},{"s":[50,1951.494,0],"t":72,"i":{"x":1,"y":1},"o":{"x":0,"y":0}},{"s":[50,-35.537,0],"t":73,"i":{"x":1,"y":1},"o":{"x":0,"y":0}},{"s":[50,-32.33,0],"t":74,"i":{"x":1,"y":1},"o":{"x":0,"y":0}},{"s":[50,-26.924,0],"t":75,"i":{"x":1,"y":1},"o":{"x":0,"y":0}},{"s":[50,-19.429,0],"t":76,"i":{"x":1,"y":1},"o":{"x":0,"y":0}},{"s":[50,-9.888,0],"t":77,"i":{"x":1,"y":1},"o":{"x":0,"y":0}},{"s":[50,1.634,0],"t":78,"i":{"x":1,"y":1},"o":{"x":0,"y":0}},{"s":[50,15.078,0],"t":79,"i":{"x":1,"y":1},"o":{"x":0,"y":0}},{"s":[50,30.378,0],"t":80,"i":{"x":1,"y":1},"o":{"x":0,"y":0}},{"s":[50,47.468,0],"t":81,"i":{"x":1,"y":1},"o":{"x":0,"y":0}},{"s":[50,66.28,0],"t":82,"i":{"x":1,"y":1},"o":{"x":0,"y":0}},{"s":[50,86.754,0],"t":83,"i":{"x":1,"y":1},"o":{"x":0,"y":0}},{"s":[50,108.834,0],"t":84,"i":{"x":1,"y":1},"o":{"x":0,"y":0}},{"s":[50,132.454,0],"t":85,"i":{"x":1,"y":1},"o":{"x":0,"y":0}},{"s":[50,157.54,0],"t":86,"i":{"x":1,"y":1},"o":{"x":0,"y":0}},{"s":[50,184.031,0],"t":87,"i":{"x":1,"y":1},"o":{"x":0,"y":0}},{"s":[50,211.873,0],"t":88,"i":{"x":1,"y":1},"o":{"x":0,"y":0}},{"s":[50,241.001,0],"t":89,"i":{"x":1,"y":1},"o":{"x":0,"y":0}},{"s":[50,271.343,0],"t":90,"i":{"x":1,"y":1},"o":{"x":0,"y":0}},{"s":[50,302.832,0],"t":91,"i":{"x":1,"y":1},"o":{"x":0,"y":0}},{"s":[50,335.412,0],"t":92,"i":{"x":1,"y":1},"o":{"x":0,"y":0}},{"s":[50,369.027,0],"t":93,"i":{"x":1,"y":1},"o":{"x":0,"y":0}},{"s":[50,403.603,0],"t":94,"i":{"x":1,"y":1},"o":{"x":0,"y":0}},{"s":[50,439.073,0],"t":95,"i":{"x":1,"y":1},"o":{"x":0,"y":0}},{"s":[50,475.377,0],"t":96,"i":{"x":1,"y":1},"o":{"x":0,"y":0}},{"s":[50,512.457,0],"t":97,"i":{"x":1,"y":1},"o":{"x":0,"y":0}},{"s":[50,550.245,0],"t":98,"i":{"x":1,"y":1},"o":{"x":0,"y":0}},{"s":[50,588.675,0],"t":99,"i":{"x":1,"y":1},"o":{"x":0,"y":0}},{"s":[50,627.687,0],"t":100,"i":{"x":1,"y":1},"o":{"x":0,"y":0}},{"s":[50,667.216,0],"t":101,"i":{"x":1,"y":1},"o":{"x":0,"y":0}},{"s":[50,707.197,0],"t":102,"i":{"x":1,"y":1},"o":{"x":0,"y":0}},{"s":[50,747.566,0],"t":103,"i":{"x":1,"y":1},"o":{"x":0,"y":0}},{"s":[50,788.263,0],"t":104,"i":{"x":1,"y":1},"o":{"x":0,"y":0}},{"s":[50,829.223,0],"t":105,"i":{"x":1,"y":1},"o":{"x":0,"y":0}},{"s":[50,870.379,0],"t":106,"i":{"x":1,"y":1},"o":{"x":0,"y":0}},{"s":[50,911.668,0],"t":107,"i":{"x":1,"y":1},"o":{"x":0,"y":0}},{"s":[50,994.391,0],"t":109,"i":{"x":1,"y":1},"o":{"x":0,"y":0}},{"s":[50,1035.7,0],"t":110,"i":{"x":1,"y":1},"o":{"x":0,"y":0}},{"s":[50,1076.891,0],"t":111,"i":{"x":1,"y":1},"o":{"x":0,"y":0}},{"s":[50,1117.899,0],"t":112,"i":{"x":1,"y":1},"o":{"x":0,"y":0}},{"s":[50,1158.66,0],"t":113,"i":{"x":1,"y":1},"o":{"x":0,"y":0}},{"s":[50,1199.106,0],"t":114,"i":{"x":1,"y":1},"o":{"x":0,"y":0}},{"s":[50,1239.175,0],"t":115,"i":{"x":1,"y":1},"o":{"x":0,"y":0}},{"s":[50,1278.807,0],"t":116,"i":{"x":1,"y":1},"o":{"x":0,"y":0}},{"s":[50,1317.938,0],"t":117,"i":{"x":1,"y":1},"o":{"x":0,"y":0}},{"s":[50,1356.498,0],"t":118,"i":{"x":1,"y":1},"o":{"x":0,"y":0}},{"s":[50,1394.428,0],"t":119,"i":{"x":1,"y":1},"o":{"x":0,"y":0}},{"s":[50,1431.667,0],"t":120,"i":{"x":1,"y":1},"o":{"x":0,"y":0}},{"s":[50,1468.149,0],"t":121,"i":{"x":1,"y":1},"o":{"x":0,"y":0}},{"s":[50,1503.804,0],"t":122,"i":{"x":1,"y":1},"o":{"x":0,"y":0}},{"s":[50,1538.574,0],"t":123,"i":{"x":1,"y":1},"o":{"x":0,"y":0}},{"s":[50,1572.4,0],"t":124,"i":{"x":1,"y":1},"o":{"x":0,"y":0}},{"s":[50,1605.217,0],"t":125,"i":{"x":1,"y":1},"o":{"x":0,"y":0}},{"s":[50,1636.95,0],"t":126,"i":{"x":1,"y":1},"o":{"x":0,"y":0}},{"s":[50,1667.541,0],"t":127,"i":{"x":1,"y":1},"o":{"x":0,"y":0}},{"s":[50,1696.934,0],"t":128,"i":{"x":1,"y":1},"o":{"x":0,"y":0}},{"s":[50,1725.062,0],"t":129,"i":{"x":1,"y":1},"o":{"x":0,"y":0}},{"s":[50,1751.852,0],"t":130,"i":{"x":1,"y":1},"o":{"x":0,"y":0}},{"s":[50,1777.244,0],"t":131,"i":{"x":1,"y":1},"o":{"x":0,"y":0}},{"s":[50,1801.184,0],"t":132,"i":{"x":1,"y":1},"o":{"x":0,"y":0}},{"s":[50,1823.605,0],"t":133,"i":{"x":1,"y":1},"o":{"x":0,"y":0}},{"s":[50,1844.436,0],"t":134,"i":{"x":1,"y":1},"o":{"x":0,"y":0}},{"s":[50,1863.612,0],"t":135,"i":{"x":1,"y":1},"o":{"x":0,"y":0}},{"s":[50,1881.078,0],"t":136,"i":{"x":1,"y":1},"o":{"x":0,"y":0}},{"s":[50,1896.77,0],"t":137,"i":{"x":1,"y":1},"o":{"x":0,"y":0}},{"s":[50,1910.62,0],"t":138,"i":{"x":1,"y":1},"o":{"x":0,"y":0}},{"s":[50,1922.563,0],"t":139,"i":{"x":1,"y":1},"o":{"x":0,"y":0}},{"s":[50,1932.537,0],"t":140,"i":{"x":1,"y":1},"o":{"x":0,"y":0}},{"s":[50,1940.48,0],"t":141,"i":{"x":1,"y":1},"o":{"x":0,"y":0}},{"s":[50,1946.341,0],"t":142,"i":{"x":1,"y":1},"o":{"x":0,"y":0}},{"s":[50,1950.036,0],"t":143,"i":{"x":1,"y":1},"o":{"x":0,"y":0}},{"s":[50,1951.477,0],"t":144,"i":{"x":1,"y":1},"o":{"x":0,"y":0}},{"s":[50,-35.681,0],"t":145,"i":{"x":1,"y":1},"o":{"x":0,"y":0}},{"s":[50,-32.637,0],"t":146,"i":{"x":1,"y":1},"o":{"x":0,"y":0}},{"s":[50,-27.383,0],"t":147,"i":{"x":1,"y":1},"o":{"x":0,"y":0}},{"s":[50,-20.038,0],"t":148,"i":{"x":1,"y":1},"o":{"x":0,"y":0}},{"s":[50,-10.643,0],"t":149,"i":{"x":1,"y":1},"o":{"x":0,"y":0}},{"s":[50,0.739,0],"t":150,"i":{"x":1,"y":1},"o":{"x":0,"y":0}},{"s":[50,14.046,0],"t":151,"i":{"x":1,"y":1},"o":{"x":0,"y":0}},{"s":[50,29.215,0],"t":152,"i":{"x":1,"y":1},"o":{"x":0,"y":0}},{"s":[50,46.178,0],"t":153,"i":{"x":1,"y":1},"o":{"x":0,"y":0}},{"s":[50,64.868,0],"t":154,"i":{"x":1,"y":1},"o":{"x":0,"y":0}},{"s":[50,85.224,0],"t":155,"i":{"x":1,"y":1},"o":{"x":0,"y":0}},{"s":[50,107.191,0],"t":156,"i":{"x":1,"y":1},"o":{"x":0,"y":0}},{"s":[50,130.701,0],"t":157,"i":{"x":1,"y":1},"o":{"x":0,"y":0}},{"s":[50,155.685,0],"t":158,"i":{"x":1,"y":1},"o":{"x":0,"y":0}},{"s":[50,182.076,0],"t":159,"i":{"x":1,"y":1},"o":{"x":0,"y":0}},{"s":[50,209.822,0],"t":160,"i":{"x":1,"y":1},"o":{"x":0,"y":0}},{"s":[50,238.86,0],"t":161,"i":{"x":1,"y":1},"o":{"x":0,"y":0}},{"s":[50,269.117,0],"t":162,"i":{"x":1,"y":1},"o":{"x":0,"y":0}},{"s":[50,300.526,0],"t":163,"i":{"x":1,"y":1},"o":{"x":0,"y":0}},{"s":[50,333.029,0],"t":164,"i":{"x":1,"y":1},"o":{"x":0,"y":0}},{"s":[50,366.571,0],"t":165,"i":{"x":1,"y":1},"o":{"x":0,"y":0}},{"s":[50,401.08,0],"t":166,"i":{"x":1,"y":1},"o":{"x":0,"y":0}},{"s":[50,436.489,0],"t":167,"i":{"x":1,"y":1},"o":{"x":0,"y":0}},{"s":[50,472.734,0],"t":168,"i":{"x":1,"y":1},"o":{"x":0,"y":0}},{"s":[50,509.76,0],"t":169,"i":{"x":1,"y":1},"o":{"x":0,"y":0}},{"s":[50,547.499,0],"t":170,"i":{"x":1,"y":1},"o":{"x":0,"y":0}},{"s":[50,585.885,0],"t":171,"i":{"x":1,"y":1},"o":{"x":0,"y":0}},{"s":[50,624.857,0],"t":172,"i":{"x":1,"y":1},"o":{"x":0,"y":0}},{"s":[50,664.352,0],"t":173,"i":{"x":1,"y":1},"o":{"x":0,"y":0}},{"s":[50,704.302,0],"t":174,"i":{"x":1,"y":1},"o":{"x":0,"y":0}},{"s":[50,744.645,0],"t":175,"i":{"x":1,"y":1},"o":{"x":0,"y":0}},{"s":[50,785.32,0],"t":176,"i":{"x":1,"y":1},"o":{"x":0,"y":0}},{"s":[50,826.263,0],"t":177,"i":{"x":1,"y":1},"o":{"x":0,"y":0}},{"s":[50,867.408,0],"t":178,"i":{"x":1,"y":1},"o":{"x":0,"y":0}},{"s":[50,908.689,0],"t":179,"i":{"x":1,"y":1},"o":{"x":0,"y":0}},{"s":[50,991.411,0],"t":181,"i":{"x":1,"y":1},"o":{"x":0,"y":0}},{"s":[50,1032.726,0],"t":182,"i":{"x":1,"y":1},"o":{"x":0,"y":0}},{"s":[50,1073.927,0],"t":183,"i":{"x":1,"y":1},"o":{"x":0,"y":0}},{"s":[50,1114.951,0],"t":184,"i":{"x":1,"y":1},"o":{"x":0,"y":0}},{"s":[50,1155.732,0],"t":185,"i":{"x":1,"y":1},"o":{"x":0,"y":0}},{"s":[50,1196.203,0],"t":186,"i":{"x":1,"y":1},"o":{"x":0,"y":0}},{"s":[50,1236.301,0],"t":187,"i":{"x":1,"y":1},"o":{"x":0,"y":0}},{"s":[50,1275.967,0],"t":188,"i":{"x":1,"y":1},"o":{"x":0,"y":0}},{"s":[50,1315.136,0],"t":189,"i":{"x":1,"y":1},"o":{"x":0,"y":0}},{"s":[50,1353.74,0],"t":190,"i":{"x":1,"y":1},"o":{"x":0,"y":0}},{"s":[50,1391.717,0],"t":191,"i":{"x":1,"y":1},"o":{"x":0,"y":0}},{"s":[50,1429.008,0],"t":192,"i":{"x":1,"y":1},"o":{"x":0,"y":0}},{"s":[50,1465.547,0],"t":193,"i":{"x":1,"y":1},"o":{"x":0,"y":0}},{"s":[50,1501.263,0],"t":194,"i":{"x":1,"y":1},"o":{"x":0,"y":0}},{"s":[50,1536.099,0],"t":195,"i":{"x":1,"y":1},"o":{"x":0,"y":0}},{"s":[50,1569.995,0],"t":196,"i":{"x":1,"y":1},"o":{"x":0,"y":0}},{"s":[50,1602.887,0],"t":197,"i":{"x":1,"y":1},"o":{"x":0,"y":0}},{"s":[50,1634.7,0],"t":198,"i":{"x":1,"y":1},"o":{"x":0,"y":0}},{"s":[50,1665.376,0],"t":199,"i":{"x":1,"y":1},"o":{"x":0,"y":0}},{"s":[50,1694.857,0],"t":200,"i":{"x":1,"y":1},"o":{"x":0,"y":0}},{"s":[50,1723.078,0],"t":201,"i":{"x":1,"y":1},"o":{"x":0,"y":0}},{"s":[50,1749.967,0],"t":202,"i":{"x":1,"y":1},"o":{"x":0,"y":0}},{"s":[50,1775.462,0],"t":203,"i":{"x":1,"y":1},"o":{"x":0,"y":0}},{"s":[50,1799.508,0],"t":204,"i":{"x":1,"y":1},"o":{"x":0,"y":0}},{"s":[50,1822.041,0],"t":205,"i":{"x":1,"y":1},"o":{"x":0,"y":0}},{"s":[50,1842.989,0],"t":206,"i":{"x":1,"y":1},"o":{"x":0,"y":0}},{"s":[50,1862.287,0],"t":207,"i":{"x":1,"y":1},"o":{"x":0,"y":0}},{"s":[50,1879.878,0],"t":208,"i":{"x":1,"y":1},"o":{"x":0,"y":0}},{"s":[50,1895.7,0],"t":209,"i":{"x":1,"y":1},"o":{"x":0,"y":0}},{"s":[50,1909.685,0],"t":210,"i":{"x":1,"y":1},"o":{"x":0,"y":0}},{"s":[50,1921.767,0],"t":211,"i":{"x":1,"y":1},"o":{"x":0,"y":0}},{"s":[50,1931.885,0],"t":212,"i":{"x":1,"y":1},"o":{"x":0,"y":0}},{"s":[50,1939.977,0],"t":213,"i":{"x":1,"y":1},"o":{"x":0,"y":0}},{"s":[50,1945.989,0],"t":214,"i":{"x":1,"y":1},"o":{"x":0,"y":0}},{"s":[50,1949.845,0],"t":215,"i":{"x":1,"y":1},"o":{"x":0,"y":0}},{"s":[50,1951.448,0],"t":216,"i":{"x":1,"y":1},"o":{"x":0,"y":0}},{"s":[50,-35.813,0],"t":217,"i":{"x":1,"y":1},"o":{"x":0,"y":0}},{"s":[50,-32.932,0],"t":218,"i":{"x":1,"y":1},"o":{"x":0,"y":0}},{"s":[50,-27.831,0],"t":219,"i":{"x":1,"y":1},"o":{"x":0,"y":0}},{"s":[50,-20.637,0],"t":220,"i":{"x":1,"y":1},"o":{"x":0,"y":0}},{"s":[50,-11.387,0],"t":221,"i":{"x":1,"y":1},"o":{"x":0,"y":0}},{"s":[50,-0.146,0],"t":222,"i":{"x":1,"y":1},"o":{"x":0,"y":0}},{"s":[50,13.024,0],"t":223,"i":{"x":1,"y":1},"o":{"x":0,"y":0}},{"s":[50,28.061,0],"t":224,"i":{"x":1,"y":1},"o":{"x":0,"y":0}},{"s":[50,44.897,0],"t":225,"i":{"x":1,"y":1},"o":{"x":0,"y":0}},{"s":[50,63.464,0],"t":226,"i":{"x":1,"y":1},"o":{"x":0,"y":0}},{"s":[50,83.702,0],"t":227,"i":{"x":1,"y":1},"o":{"x":0,"y":0}},{"s":[50,105.555,0],"t":228,"i":{"x":1,"y":1},"o":{"x":0,"y":0}},{"s":[50,128.957,0],"t":229,"i":{"x":1,"y":1},"o":{"x":0,"y":0}},{"s":[50,153.836,0],"t":230,"i":{"x":1,"y":1},"o":{"x":0,"y":0}},{"s":[50,180.128,0],"t":231,"i":{"x":1,"y":1},"o":{"x":0,"y":0}},{"s":[50,207.778,0],"t":232,"i":{"x":1,"y":1},"o":{"x":0,"y":0}},{"s":[50,236.726,0],"t":233,"i":{"x":1,"y":1},"o":{"x":0,"y":0}},{"s":[50,266.897,0],"t":234,"i":{"x":1,"y":1},"o":{"x":0,"y":0}},{"s":[50,298.225,0],"t":235,"i":{"x":1,"y":1},"o":{"x":0,"y":0}},{"s":[50,330.651,0],"t":236,"i":{"x":1,"y":1},"o":{"x":0,"y":0}},{"s":[50,364.12,0],"t":237,"i":{"x":1,"y":1},"o":{"x":0,"y":0}},{"s":[50,398.562,0],"t":238,"i":{"x":1,"y":1},"o":{"x":0,"y":0}},{"s":[50,433.908,0],"t":239,"i":{"x":1,"y":1},"o":{"x":0,"y":0}},{"s":[50,470.095,0],"t":240,"i":{"x":1,"y":1},"o":{"x":0,"y":0}},{"s":[50,507.067,0],"t":241,"i":{"x":1,"y":1},"o":{"x":0,"y":0}},{"s":[50,544.757,0],"t":242,"i":{"x":1,"y":1},"o":{"x":0,"y":0}},{"s":[50,583.098,0],"t":243,"i":{"x":1,"y":1},"o":{"x":0,"y":0}},{"s":[50,622.03,0],"t":244,"i":{"x":1,"y":1},"o":{"x":0,"y":0}},{"s":[50,661.489,0],"t":245,"i":{"x":1,"y":1},"o":{"x":0,"y":0}},{"s":[50,701.409,0],"t":246,"i":{"x":1,"y":1},"o":{"x":0,"y":0}},{"s":[50,741.725,0],"t":247,"i":{"x":1,"y":1},"o":{"x":0,"y":0}},{"s":[50,782.379,0],"t":248,"i":{"x":1,"y":1},"o":{"x":0,"y":0}},{"s":[50,823.305,0],"t":249,"i":{"x":1,"y":1},"o":{"x":0,"y":0}},{"s":[50,864.437,0],"t":250,"i":{"x":1,"y":1},"o":{"x":0,"y":0}},{"s":[50,905.71,0],"t":251,"i":{"x":1,"y":1},"o":{"x":0,"y":0}},{"s":[50,1029.751,0],"t":254,"i":{"x":1,"y":1},"o":{"x":0,"y":0}},{"s":[50,1070.963,0],"t":255,"i":{"x":1,"y":1},"o":{"x":0,"y":0}},{"s":[50,1112.002,0],"t":256,"i":{"x":1,"y":1},"o":{"x":0,"y":0}},{"s":[50,1152.802,0],"t":257,"i":{"x":1,"y":1},"o":{"x":0,"y":0}},{"s":[50,1193.298,0],"t":258,"i":{"x":1,"y":1},"o":{"x":0,"y":0}},{"s":[50,1233.425,0],"t":259,"i":{"x":1,"y":1},"o":{"x":0,"y":0}},{"s":[50,1273.124,0],"t":260,"i":{"x":1,"y":1},"o":{"x":0,"y":0}},{"s":[50,1312.331,0],"t":261,"i":{"x":1,"y":1},"o":{"x":0,"y":0}},{"s":[50,1350.978,0],"t":262,"i":{"x":1,"y":1},"o":{"x":0,"y":0}},{"s":[50,1389.002,0],"t":263,"i":{"x":1,"y":1},"o":{"x":0,"y":0}},{"s":[50,1426.345,0],"t":264,"i":{"x":1,"y":1},"o":{"x":0,"y":0}},{"s":[50,1462.94,0],"t":265,"i":{"x":1,"y":1},"o":{"x":0,"y":0}},{"s":[50,1498.717,0],"t":266,"i":{"x":1,"y":1},"o":{"x":0,"y":0}},{"s":[50,1533.619,0],"t":267,"i":{"x":1,"y":1},"o":{"x":0,"y":0}},{"s":[50,1567.585,0],"t":268,"i":{"x":1,"y":1},"o":{"x":0,"y":0}},{"s":[50,1600.551,0],"t":269,"i":{"x":1,"y":1},"o":{"x":0,"y":0}},{"s":[50,1632.445,0],"t":270,"i":{"x":1,"y":1},"o":{"x":0,"y":0}},{"s":[50,1663.204,0],"t":271,"i":{"x":1,"y":1},"o":{"x":0,"y":0}},{"s":[50,1692.773,0],"t":272,"i":{"x":1,"y":1},"o":{"x":0,"y":0}},{"s":[50,1721.088,0],"t":273,"i":{"x":1,"y":1},"o":{"x":0,"y":0}},{"s":[50,1748.075,0],"t":274,"i":{"x":1,"y":1},"o":{"x":0,"y":0}},{"s":[50,1773.672,0],"t":275,"i":{"x":1,"y":1},"o":{"x":0,"y":0}},{"s":[50,1797.825,0],"t":276,"i":{"x":1,"y":1},"o":{"x":0,"y":0}},{"s":[50,1820.469,0],"t":277,"i":{"x":1,"y":1},"o":{"x":0,"y":0}},{"s":[50,1841.534,0],"t":278,"i":{"x":1,"y":1},"o":{"x":0,"y":0}},{"s":[50,1860.952,0],"t":279,"i":{"x":1,"y":1},"o":{"x":0,"y":0}},{"s":[50,1878.668,0],"t":280,"i":{"x":1,"y":1},"o":{"x":0,"y":0}},{"s":[50,1894.62,0],"t":281,"i":{"x":1,"y":1},"o":{"x":0,"y":0}},{"s":[50,1908.74,0],"t":282,"i":{"x":1,"y":1},"o":{"x":0,"y":0}},{"s":[50,1920.961,0],"t":283,"i":{"x":1,"y":1},"o":{"x":0,"y":0}},{"s":[50,1931.223,0],"t":284,"i":{"x":1,"y":1},"o":{"x":0,"y":0}},{"s":[50,1939.463,0],"t":285,"i":{"x":1,"y":1},"o":{"x":0,"y":0}},{"s":[50,1945.625,0],"t":286,"i":{"x":1,"y":1},"o":{"x":0,"y":0}},{"s":[50,1949.643,0],"t":287,"i":{"x":1,"y":1},"o":{"x":0,"y":0}},{"s":[50,1951.407,0],"t":288,"i":{"x":1,"y":1},"o":{"x":0,"y":0}},{"s":[50,-35.934,0],"t":289,"i":{"x":1,"y":1},"o":{"x":0,"y":0}},{"s":[50,-33.216,0],"t":290,"i":{"x":1,"y":1},"o":{"x":0,"y":0}},{"s":[50,-28.269,0],"t":291,"i":{"x":1,"y":1},"o":{"x":0,"y":0}},{"s":[50,-21.225,0],"t":292,"i":{"x":1,"y":1},"o":{"x":0,"y":0}},{"s":[50,-12.121,0],"t":293,"i":{"x":1,"y":1},"o":{"x":0,"y":0}},{"s":[50,-1.022,0],"t":294,"i":{"x":1,"y":1},"o":{"x":0,"y":0}},{"s":[50,12.011,0],"t":295,"i":{"x":1,"y":1},"o":{"x":0,"y":0}},{"s":[50,26.916,0],"t":296,"i":{"x":1,"y":1},"o":{"x":0,"y":0}},{"s":[50,43.625,0],"t":297,"i":{"x":1,"y":1},"o":{"x":0,"y":0}},{"s":[50,62.07,0],"t":298,"i":{"x":1,"y":1},"o":{"x":0,"y":0}},{"s":[50,82.189,0],"t":299,"i":{"x":1,"y":1},"o":{"x":0,"y":0}},{"s":[50,103.927,0],"t":300,"i":{"x":1,"y":1},"o":{"x":0,"y":0}},{"s":[50,127.22,0],"t":301,"i":{"x":1,"y":1},"o":{"x":0,"y":0}},{"s":[50,151.995,0],"t":302,"i":{"x":1,"y":1},"o":{"x":0,"y":0}},{"s":[50,178.187,0],"t":303,"i":{"x":1,"y":1},"o":{"x":0,"y":0}},{"s":[50,205.741,0],"t":304,"i":{"x":1,"y":1},"o":{"x":0,"y":0}},{"s":[50,234.598,0],"t":305,"i":{"x":1,"y":1},"o":{"x":0,"y":0}},{"s":[50,264.683,0],"t":306,"i":{"x":1,"y":1},"o":{"x":0,"y":0}},{"s":[50,295.93,0],"t":307,"i":{"x":1,"y":1},"o":{"x":0,"y":0}},{"s":[50,328.278,0],"t":308,"i":{"x":1,"y":1},"o":{"x":0,"y":0}},{"s":[50,361.675,0],"t":309,"i":{"x":1,"y":1},"o":{"x":0,"y":0}},{"s":[50,396.049,0],"t":310,"i":{"x":1,"y":1},"o":{"x":0,"y":0}},{"s":[50,431.332,0],"t":311,"i":{"x":1,"y":1},"o":{"x":0,"y":0}},{"s":[50,467.46,0],"t":312,"i":{"x":1,"y":1},"o":{"x":0,"y":0}},{"s":[50,504.377,0],"t":313,"i":{"x":1,"y":1},"o":{"x":0,"y":0}},{"s":[50,542.018,0],"t":314,"i":{"x":1,"y":1},"o":{"x":0,"y":0}},{"s":[50,580.314,0],"t":315,"i":{"x":1,"y":1},"o":{"x":0,"y":0}},{"s":[50,619.205,0],"t":316,"i":{"x":1,"y":1},"o":{"x":0,"y":0}},{"s":[50,658.629,0],"t":317,"i":{"x":1,"y":1},"o":{"x":0,"y":0}},{"s":[50,698.518,0],"t":318,"i":{"x":1,"y":1},"o":{"x":0,"y":0}},{"s":[50,738.808,0],"t":319,"i":{"x":1,"y":1},"o":{"x":0,"y":0}},{"s":[50,779.439,0],"t":320,"i":{"x":1,"y":1},"o":{"x":0,"y":0}},{"s":[50,820.348,0],"t":321,"i":{"x":1,"y":1},"o":{"x":0,"y":0}},{"s":[50,861.467,0],"t":322,"i":{"x":1,"y":1},"o":{"x":0,"y":0}},{"s":[50,902.732,0],"t":323,"i":{"x":1,"y":1},"o":{"x":0,"y":0}},{"s":[50,1026.776,0],"t":326,"i":{"x":1,"y":1},"o":{"x":0,"y":0}},{"s":[50,1067.998,0],"t":327,"i":{"x":1,"y":1},"o":{"x":0,"y":0}},{"s":[50,1109.051,0],"t":328,"i":{"x":1,"y":1},"o":{"x":0,"y":0}},{"s":[50,1149.871,0],"t":329,"i":{"x":1,"y":1},"o":{"x":0,"y":0}},{"s":[50,1190.391,0],"t":330,"i":{"x":1,"y":1},"o":{"x":0,"y":0}},{"s":[50,1230.547,0],"t":331,"i":{"x":1,"y":1},"o":{"x":0,"y":0}},{"s":[50,1270.278,0],"t":332,"i":{"x":1,"y":1},"o":{"x":0,"y":0}},{"s":[50,1309.523,0],"t":333,"i":{"x":1,"y":1},"o":{"x":0,"y":0}},{"s":[50,1348.212,0],"t":334,"i":{"x":1,"y":1},"o":{"x":0,"y":0}},{"s":[50,1386.284,0],"t":335,"i":{"x":1,"y":1},"o":{"x":0,"y":0}},{"s":[50,1423.678,0],"t":336,"i":{"x":1,"y":1},"o":{"x":0,"y":0}},{"s":[50,1460.329,0],"t":337,"i":{"x":1,"y":1},"o":{"x":0,"y":0}},{"s":[50,1496.168,0],"t":338,"i":{"x":1,"y":1},"o":{"x":0,"y":0}},{"s":[50,1531.134,0],"t":339,"i":{"x":1,"y":1},"o":{"x":0,"y":0}},{"s":[50,1565.17,0],"t":340,"i":{"x":1,"y":1},"o":{"x":0,"y":0}},{"s":[50,1598.21,0],"t":341,"i":{"x":1,"y":1},"o":{"x":0,"y":0}},{"s":[50,1630.184,0],"t":342,"i":{"x":1,"y":1},"o":{"x":0,"y":0}},{"s":[50,1661.026,0],"t":343,"i":{"x":1,"y":1},"o":{"x":0,"y":0}},{"s":[50,1690.683,0],"t":344,"i":{"x":1,"y":1},"o":{"x":0,"y":0}},{"s":[50,1719.091,0],"t":345,"i":{"x":1,"y":1},"o":{"x":0,"y":0}},{"s":[50,1746.176,0],"t":346,"i":{"x":1,"y":1},"o":{"x":0,"y":0}},{"s":[50,1771.875,0],"t":347,"i":{"x":1,"y":1},"o":{"x":0,"y":0}},{"s":[50,1796.134,0],"t":348,"i":{"x":1,"y":1},"o":{"x":0,"y":0}},{"s":[50,1818.889,0],"t":349,"i":{"x":1,"y":1},"o":{"x":0,"y":0}},{"s":[50,1840.07,0],"t":350,"i":{"x":1,"y":1},"o":{"x":0,"y":0}},{"s":[50,1859.609,0],"t":351,"i":{"x":1,"y":1},"o":{"x":0,"y":0}},{"s":[50,1877.45,0],"t":352,"i":{"x":1,"y":1},"o":{"x":0,"y":0}},{"s":[50,1893.531,0],"t":353,"i":{"x":1,"y":1},"o":{"x":0,"y":0}},{"s":[50,1907.785,0],"t":354,"i":{"x":1,"y":1},"o":{"x":0,"y":0}},{"s":[50,1920.145,0],"t":355,"i":{"x":1,"y":1},"o":{"x":0,"y":0}},{"s":[50,1930.55,0],"t":356,"i":{"x":1,"y":1},"o":{"x":0,"y":0}},{"s":[50,1938.938,0],"t":357,"i":{"x":1,"y":1},"o":{"x":0,"y":0}},{"s":[50,1945.25,0],"t":358,"i":{"x":1,"y":1},"o":{"x":0,"y":0}},{"s":[50,1949.428,0],"t":359,"i":{"x":1,"y":1},"o":{"x":0,"y":0}}],"l":2},"a":{"a":0,"k":[18,-266.5,0],"ix":1,"l":2},"s":{"a":0,"k":[100,100,100],"ix":6,"l":2}},"ao":0,"shapes":[{"ty":"gr","it":[{"ind":0,"ty":"sh","ix":1,"ks":{"a":0,"k":{"i":[[0,0],[0,0]],"o":[[0,0],[0,0]],"v":[[18,-280],[18,-265.25]],"c":false},"ix":2},"nm":"Path 1","mn":"ADBE Vector Shape - Group","hd":false},{"ty":"st","c":{"a":0,"k":[0.30980392156862746,0.7607843137254902,0.8784313725490196,1],"ix":3},"o":{"a":0,"k":100,"ix":4},"w":{"a":0,"k":0.5,"ix":5},"lc":1,"lj":1,"ml":4,"bm":0,"nm":"Stroke 1","mn":"ADBE Vector Graphic - Stroke","hd":false},{"ty":"tr","p":{"a":0,"k":[0,0],"ix":2},"a":{"a":0,"k":[0,0],"ix":1},"s":{"a":0,"k":[100,100],"ix":3},"r":{"a":0,"k":0,"ix":6},"o":{"a":0,"k":100,"ix":7},"sk":{"a":0,"k":0,"ix":4},"sa":{"a":0,"k":0,"ix":5},"nm":"Transform"}],"nm":"Shape 1","np":3,"cix":2,"bm":0,"ix":1,"mn":"ADBE Vector Group","hd":false}],"ip":0,"op":489.48948948949,"st":0,"bm":0}]},{"id":"comp_2","layers":[{"ddd":0,"ind":1,"ty":4,"nm":"Shape Layer 1","sr":1,"ks":{"o":{"a":0,"k":100,"ix":11},"r":{"a":0,"k":0,"ix":10},"p":{"k":[{"s":[50,-36.5,0],"t":0,"i":{"x":1,"y":1},"o":{"x":0,"y":0}},{"s":[50,-33.98,0],"t":1,"i":{"x":1,"y":1},"o":{"x":0,"y":0}},{"s":[50,-26.453,0],"t":2,"i":{"x":1,"y":1},"o":{"x":0,"y":0}},{"s":[50,-14.217,0],"t":3,"i":{"x":1,"y":1},"o":{"x":0,"y":0}},{"s":[50,2.54,0],"t":4,"i":{"x":1,"y":1},"o":{"x":0,"y":0}},{"s":[50,23.608,0],"t":5,"i":{"x":1,"y":1},"o":{"x":0,"y":0}},{"s":[50,48.767,0],"t":6,"i":{"x":1,"y":1},"o":{"x":0,"y":0}},{"s":[50,77.792,0],"t":7,"i":{"x":1,"y":1},"o":{"x":0,"y":0}},{"s":[50,110.486,0],"t":8,"i":{"x":1,"y":1},"o":{"x":0,"y":0}},{"s":[50,146.63,0],"t":9,"i":{"x":1,"y":1},"o":{"x":0,"y":0}},{"s":[50,185.993,0],"t":10,"i":{"x":1,"y":1},"o":{"x":0,"y":0}},{"s":[50,228.384,0],"t":11,"i":{"x":1,"y":1},"o":{"x":0,"y":0}},{"s":[50,273.575,0],"t":12,"i":{"x":1,"y":1},"o":{"x":0,"y":0}},{"s":[50,321.34,0],"t":13,"i":{"x":1,"y":1},"o":{"x":0,"y":0}},{"s":[50,371.487,0],"t":14,"i":{"x":1,"y":1},"o":{"x":0,"y":0}},{"s":[50,423.789,0],"t":15,"i":{"x":1,"y":1},"o":{"x":0,"y":0}},{"s":[50,478.024,0],"t":16,"i":{"x":1,"y":1},"o":{"x":0,"y":0}},{"s":[50,533.992,0],"t":17,"i":{"x":1,"y":1},"o":{"x":0,"y":0}},{"s":[50,591.468,0],"t":18,"i":{"x":1,"y":1},"o":{"x":0,"y":0}},{"s":[50,650.241,0],"t":19,"i":{"x":1,"y":1},"o":{"x":0,"y":0}},{"s":[50,710.094,0],"t":20,"i":{"x":1,"y":1},"o":{"x":0,"y":0}},{"s":[50,770.812,0],"t":21,"i":{"x":1,"y":1},"o":{"x":0,"y":0}},{"s":[50,832.183,0],"t":22,"i":{"x":1,"y":1},"o":{"x":0,"y":0}},{"s":[50,893.987,0],"t":23,"i":{"x":1,"y":1},"o":{"x":0,"y":0}},{"s":[50,1018.033,0],"t":25,"i":{"x":1,"y":1},"o":{"x":0,"y":0}},{"s":[50,1079.853,0],"t":26,"i":{"x":1,"y":1},"o":{"x":0,"y":0}},{"s":[50,1141.252,0],"t":27,"i":{"x":1,"y":1},"o":{"x":0,"y":0}},{"s":[50,1202.007,0],"t":28,"i":{"x":1,"y":1},"o":{"x":0,"y":0}},{"s":[50,1261.905,0],"t":29,"i":{"x":1,"y":1},"o":{"x":0,"y":0}},{"s":[50,1320.737,0],"t":30,"i":{"x":1,"y":1},"o":{"x":0,"y":0}},{"s":[50,1378.278,0],"t":31,"i":{"x":1,"y":1},"o":{"x":0,"y":0}},{"s":[50,1434.323,0],"t":32,"i":{"x":1,"y":1},"o":{"x":0,"y":0}},{"s":[50,1488.651,0],"t":33,"i":{"x":1,"y":1},"o":{"x":0,"y":0}},{"s":[50,1541.044,0],"t":34,"i":{"x":1,"y":1},"o":{"x":0,"y":0}},{"s":[50,1591.302,0],"t":35,"i":{"x":1,"y":1},"o":{"x":0,"y":0}},{"s":[50,1639.193,0],"t":36,"i":{"x":1,"y":1},"o":{"x":0,"y":0}},{"s":[50,1684.507,0],"t":37,"i":{"x":1,"y":1},"o":{"x":0,"y":0}},{"s":[50,1727.038,0],"t":38,"i":{"x":1,"y":1},"o":{"x":0,"y":0}},{"s":[50,1766.553,0],"t":39,"i":{"x":1,"y":1},"o":{"x":0,"y":0}},{"s":[50,1802.851,0],"t":40,"i":{"x":1,"y":1},"o":{"x":0,"y":0}},{"s":[50,1835.721,0],"t":41,"i":{"x":1,"y":1},"o":{"x":0,"y":0}},{"s":[50,1864.929,0],"t":42,"i":{"x":1,"y":1},"o":{"x":0,"y":0}},{"s":[50,1890.276,0],"t":43,"i":{"x":1,"y":1},"o":{"x":0,"y":0}},{"s":[50,1911.545,0],"t":44,"i":{"x":1,"y":1},"o":{"x":0,"y":0}},{"s":[50,1928.514,0],"t":45,"i":{"x":1,"y":1},"o":{"x":0,"y":0}},{"s":[50,1940.972,0],"t":46,"i":{"x":1,"y":1},"o":{"x":0,"y":0}},{"s":[50,1948.731,0],"t":47,"i":{"x":1,"y":1},"o":{"x":0,"y":0}},{"s":[50,1951.494,0],"t":48,"i":{"x":1,"y":1},"o":{"x":0,"y":0}},{"s":[50,-34.217,0],"t":49,"i":{"x":1,"y":1},"o":{"x":0,"y":0}},{"s":[50,-26.924,0],"t":50,"i":{"x":1,"y":1},"o":{"x":0,"y":0}},{"s":[50,-14.91,0],"t":51,"i":{"x":1,"y":1},"o":{"x":0,"y":0}},{"s":[50,1.634,0],"t":52,"i":{"x":1,"y":1},"o":{"x":0,"y":0}},{"s":[50,22.5,0],"t":53,"i":{"x":1,"y":1},"o":{"x":0,"y":0}},{"s":[50,47.468,0],"t":54,"i":{"x":1,"y":1},"o":{"x":0,"y":0}},{"s":[50,76.312,0],"t":55,"i":{"x":1,"y":1},"o":{"x":0,"y":0}},{"s":[50,108.834,0],"t":56,"i":{"x":1,"y":1},"o":{"x":0,"y":0}},{"s":[50,144.818,0],"t":57,"i":{"x":1,"y":1},"o":{"x":0,"y":0}},{"s":[50,184.031,0],"t":58,"i":{"x":1,"y":1},"o":{"x":0,"y":0}},{"s":[50,226.281,0],"t":59,"i":{"x":1,"y":1},"o":{"x":0,"y":0}},{"s":[50,271.343,0],"t":60,"i":{"x":1,"y":1},"o":{"x":0,"y":0}},{"s":[50,318.989,0],"t":61,"i":{"x":1,"y":1},"o":{"x":0,"y":0}},{"s":[50,369.027,0],"t":62,"i":{"x":1,"y":1},"o":{"x":0,"y":0}},{"s":[50,421.23,0],"t":63,"i":{"x":1,"y":1},"o":{"x":0,"y":0}},{"s":[50,475.377,0],"t":64,"i":{"x":1,"y":1},"o":{"x":0,"y":0}},{"s":[50,531.267,0],"t":65,"i":{"x":1,"y":1},"o":{"x":0,"y":0}},{"s":[50,588.675,0],"t":66,"i":{"x":1,"y":1},"o":{"x":0,"y":0}},{"s":[50,647.391,0],"t":67,"i":{"x":1,"y":1},"o":{"x":0,"y":0}},{"s":[50,707.197,0],"t":68,"i":{"x":1,"y":1},"o":{"x":0,"y":0}},{"s":[50,767.877,0],"t":69,"i":{"x":1,"y":1},"o":{"x":0,"y":0}},{"s":[50,829.223,0],"t":70,"i":{"x":1,"y":1},"o":{"x":0,"y":0}},{"s":[50,891.011,0],"t":71,"i":{"x":1,"y":1},"o":{"x":0,"y":0}},{"s":[50,1015.056,0],"t":73,"i":{"x":1,"y":1},"o":{"x":0,"y":0}},{"s":[50,1076.891,0],"t":74,"i":{"x":1,"y":1},"o":{"x":0,"y":0}},{"s":[50,1138.314,0],"t":75,"i":{"x":1,"y":1},"o":{"x":0,"y":0}},{"s":[50,1199.106,0],"t":76,"i":{"x":1,"y":1},"o":{"x":0,"y":0}},{"s":[50,1259.05,0],"t":77,"i":{"x":1,"y":1},"o":{"x":0,"y":0}},{"s":[50,1317.938,0],"t":78,"i":{"x":1,"y":1},"o":{"x":0,"y":0}},{"s":[50,1375.546,0],"t":79,"i":{"x":1,"y":1},"o":{"x":0,"y":0}},{"s":[50,1431.667,0],"t":80,"i":{"x":1,"y":1},"o":{"x":0,"y":0}},{"s":[50,1486.084,0],"t":81,"i":{"x":1,"y":1},"o":{"x":0,"y":0}},{"s":[50,1538.574,0],"t":82,"i":{"x":1,"y":1},"o":{"x":0,"y":0}},{"s":[50,1588.939,0],"t":83,"i":{"x":1,"y":1},"o":{"x":0,"y":0}},{"s":[50,1636.95,0],"t":84,"i":{"x":1,"y":1},"o":{"x":0,"y":0}},{"s":[50,1682.391,0],"t":85,"i":{"x":1,"y":1},"o":{"x":0,"y":0}},{"s":[50,1725.062,0],"t":86,"i":{"x":1,"y":1},"o":{"x":0,"y":0}},{"s":[50,1764.726,0],"t":87,"i":{"x":1,"y":1},"o":{"x":0,"y":0}},{"s":[50,1801.184,0],"t":88,"i":{"x":1,"y":1},"o":{"x":0,"y":0}},{"s":[50,1834.224,0],"t":89,"i":{"x":1,"y":1},"o":{"x":0,"y":0}},{"s":[50,1863.612,0],"t":90,"i":{"x":1,"y":1},"o":{"x":0,"y":0}},{"s":[50,1889.15,0],"t":91,"i":{"x":1,"y":1},"o":{"x":0,"y":0}},{"s":[50,1910.62,0],"t":92,"i":{"x":1,"y":1},"o":{"x":0,"y":0}},{"s":[50,1927.8,0],"t":93,"i":{"x":1,"y":1},"o":{"x":0,"y":0}},{"s":[50,1940.48,0],"t":94,"i":{"x":1,"y":1},"o":{"x":0,"y":0}},{"s":[50,1948.47,0],"t":95,"i":{"x":1,"y":1},"o":{"x":0,"y":0}},{"s":[50,1951.477,0],"t":96,"i":{"x":1,"y":1},"o":{"x":0,"y":0}},{"s":[50,-34.442,0],"t":97,"i":{"x":1,"y":1},"o":{"x":0,"y":0}},{"s":[50,-27.383,0],"t":98,"i":{"x":1,"y":1},"o":{"x":0,"y":0}},{"s":[50,-15.593,0],"t":99,"i":{"x":1,"y":1},"o":{"x":0,"y":0}},{"s":[50,0.739,0],"t":100,"i":{"x":1,"y":1},"o":{"x":0,"y":0}},{"s":[50,21.402,0],"t":101,"i":{"x":1,"y":1},"o":{"x":0,"y":0}},{"s":[50,46.178,0],"t":102,"i":{"x":1,"y":1},"o":{"x":0,"y":0}},{"s":[50,74.841,0],"t":103,"i":{"x":1,"y":1},"o":{"x":0,"y":0}},{"s":[50,107.191,0],"t":104,"i":{"x":1,"y":1},"o":{"x":0,"y":0}},{"s":[50,143.013,0],"t":105,"i":{"x":1,"y":1},"o":{"x":0,"y":0}},{"s":[50,182.076,0],"t":106,"i":{"x":1,"y":1},"o":{"x":0,"y":0}},{"s":[50,224.185,0],"t":107,"i":{"x":1,"y":1},"o":{"x":0,"y":0}},{"s":[50,269.117,0],"t":108,"i":{"x":1,"y":1},"o":{"x":0,"y":0}},{"s":[50,316.644,0],"t":109,"i":{"x":1,"y":1},"o":{"x":0,"y":0}},{"s":[50,366.571,0],"t":110,"i":{"x":1,"y":1},"o":{"x":0,"y":0}},{"s":[50,418.676,0],"t":111,"i":{"x":1,"y":1},"o":{"x":0,"y":0}},{"s":[50,472.734,0],"t":112,"i":{"x":1,"y":1},"o":{"x":0,"y":0}},{"s":[50,528.545,0],"t":113,"i":{"x":1,"y":1},"o":{"x":0,"y":0}},{"s":[50,585.885,0],"t":114,"i":{"x":1,"y":1},"o":{"x":0,"y":0}},{"s":[50,644.543,0],"t":115,"i":{"x":1,"y":1},"o":{"x":0,"y":0}},{"s":[50,704.302,0],"t":116,"i":{"x":1,"y":1},"o":{"x":0,"y":0}},{"s":[50,764.945,0],"t":117,"i":{"x":1,"y":1},"o":{"x":0,"y":0}},{"s":[50,826.263,0],"t":118,"i":{"x":1,"y":1},"o":{"x":0,"y":0}},{"s":[50,888.035,0],"t":119,"i":{"x":1,"y":1},"o":{"x":0,"y":0}},{"s":[50,1012.079,0],"t":121,"i":{"x":1,"y":1},"o":{"x":0,"y":0}},{"s":[50,1073.927,0],"t":122,"i":{"x":1,"y":1},"o":{"x":0,"y":0}},{"s":[50,1135.376,0],"t":123,"i":{"x":1,"y":1},"o":{"x":0,"y":0}},{"s":[50,1196.203,0],"t":124,"i":{"x":1,"y":1},"o":{"x":0,"y":0}},{"s":[50,1256.192,0],"t":125,"i":{"x":1,"y":1},"o":{"x":0,"y":0}},{"s":[50,1315.136,0],"t":126,"i":{"x":1,"y":1},"o":{"x":0,"y":0}},{"s":[50,1372.81,0],"t":127,"i":{"x":1,"y":1},"o":{"x":0,"y":0}},{"s":[50,1429.008,0],"t":128,"i":{"x":1,"y":1},"o":{"x":0,"y":0}},{"s":[50,1483.512,0],"t":129,"i":{"x":1,"y":1},"o":{"x":0,"y":0}},{"s":[50,1536.099,0],"t":130,"i":{"x":1,"y":1},"o":{"x":0,"y":0}},{"s":[50,1586.571,0],"t":131,"i":{"x":1,"y":1},"o":{"x":0,"y":0}},{"s":[50,1634.7,0],"t":132,"i":{"x":1,"y":1},"o":{"x":0,"y":0}},{"s":[50,1680.269,0],"t":133,"i":{"x":1,"y":1},"o":{"x":0,"y":0}},{"s":[50,1723.078,0],"t":134,"i":{"x":1,"y":1},"o":{"x":0,"y":0}},{"s":[50,1762.892,0],"t":135,"i":{"x":1,"y":1},"o":{"x":0,"y":0}},{"s":[50,1799.508,0],"t":136,"i":{"x":1,"y":1},"o":{"x":0,"y":0}},{"s":[50,1832.718,0],"t":137,"i":{"x":1,"y":1},"o":{"x":0,"y":0}},{"s":[50,1862.287,0],"t":138,"i":{"x":1,"y":1},"o":{"x":0,"y":0}},{"s":[50,1888.014,0],"t":139,"i":{"x":1,"y":1},"o":{"x":0,"y":0}},{"s":[50,1909.685,0],"t":140,"i":{"x":1,"y":1},"o":{"x":0,"y":0}},{"s":[50,1927.076,0],"t":141,"i":{"x":1,"y":1},"o":{"x":0,"y":0}},{"s":[50,1939.977,0],"t":142,"i":{"x":1,"y":1},"o":{"x":0,"y":0}},{"s":[50,1948.198,0],"t":143,"i":{"x":1,"y":1},"o":{"x":0,"y":0}},{"s":[50,1951.448,0],"t":144,"i":{"x":1,"y":1},"o":{"x":0,"y":0}},{"s":[50,-34.656,0],"t":145,"i":{"x":1,"y":1},"o":{"x":0,"y":0}},{"s":[50,-27.831,0],"t":146,"i":{"x":1,"y":1},"o":{"x":0,"y":0}},{"s":[50,-16.265,0],"t":147,"i":{"x":1,"y":1},"o":{"x":0,"y":0}},{"s":[50,-0.146,0],"t":148,"i":{"x":1,"y":1},"o":{"x":0,"y":0}},{"s":[50,20.313,0],"t":149,"i":{"x":1,"y":1},"o":{"x":0,"y":0}},{"s":[50,44.897,0],"t":150,"i":{"x":1,"y":1},"o":{"x":0,"y":0}},{"s":[50,73.378,0],"t":151,"i":{"x":1,"y":1},"o":{"x":0,"y":0}},{"s":[50,105.555,0],"t":152,"i":{"x":1,"y":1},"o":{"x":0,"y":0}},{"s":[50,141.216,0],"t":153,"i":{"x":1,"y":1},"o":{"x":0,"y":0}},{"s":[50,180.128,0],"t":154,"i":{"x":1,"y":1},"o":{"x":0,"y":0}},{"s":[50,222.095,0],"t":155,"i":{"x":1,"y":1},"o":{"x":0,"y":0}},{"s":[50,266.897,0],"t":156,"i":{"x":1,"y":1},"o":{"x":0,"y":0}},{"s":[50,314.304,0],"t":157,"i":{"x":1,"y":1},"o":{"x":0,"y":0}},{"s":[50,364.12,0],"t":158,"i":{"x":1,"y":1},"o":{"x":0,"y":0}},{"s":[50,416.126,0],"t":159,"i":{"x":1,"y":1},"o":{"x":0,"y":0}},{"s":[50,470.095,0],"t":160,"i":{"x":1,"y":1},"o":{"x":0,"y":0}},{"s":[50,525.827,0],"t":161,"i":{"x":1,"y":1},"o":{"x":0,"y":0}},{"s":[50,583.098,0],"t":162,"i":{"x":1,"y":1},"o":{"x":0,"y":0}},{"s":[50,641.698,0],"t":163,"i":{"x":1,"y":1},"o":{"x":0,"y":0}},{"s":[50,701.409,0],"t":164,"i":{"x":1,"y":1},"o":{"x":0,"y":0}},{"s":[50,762.014,0],"t":165,"i":{"x":1,"y":1},"o":{"x":0,"y":0}},{"s":[50,823.305,0],"t":166,"i":{"x":1,"y":1},"o":{"x":0,"y":0}},{"s":[50,885.06,0],"t":167,"i":{"x":1,"y":1},"o":{"x":0,"y":0}},{"s":[50,1009.1,0],"t":169,"i":{"x":1,"y":1},"o":{"x":0,"y":0}},{"s":[50,1070.963,0],"t":170,"i":{"x":1,"y":1},"o":{"x":0,"y":0}},{"s":[50,1132.436,0],"t":171,"i":{"x":1,"y":1},"o":{"x":0,"y":0}},{"s":[50,1193.298,0],"t":172,"i":{"x":1,"y":1},"o":{"x":0,"y":0}},{"s":[50,1253.332,0],"t":173,"i":{"x":1,"y":1},"o":{"x":0,"y":0}},{"s":[50,1312.331,0],"t":174,"i":{"x":1,"y":1},"o":{"x":0,"y":0}},{"s":[50,1370.071,0],"t":175,"i":{"x":1,"y":1},"o":{"x":0,"y":0}},{"s":[50,1426.345,0],"t":176,"i":{"x":1,"y":1},"o":{"x":0,"y":0}},{"s":[50,1480.935,0],"t":177,"i":{"x":1,"y":1},"o":{"x":0,"y":0}},{"s":[50,1533.619,0],"t":178,"i":{"x":1,"y":1},"o":{"x":0,"y":0}},{"s":[50,1584.198,0],"t":179,"i":{"x":1,"y":1},"o":{"x":0,"y":0}},{"s":[50,1632.445,0],"t":180,"i":{"x":1,"y":1},"o":{"x":0,"y":0}},{"s":[50,1678.141,0],"t":181,"i":{"x":1,"y":1},"o":{"x":0,"y":0}},{"s":[50,1721.088,0],"t":182,"i":{"x":1,"y":1},"o":{"x":0,"y":0}},{"s":[50,1761.051,0],"t":183,"i":{"x":1,"y":1},"o":{"x":0,"y":0}},{"s":[50,1797.825,0],"t":184,"i":{"x":1,"y":1},"o":{"x":0,"y":0}},{"s":[50,1831.204,0],"t":185,"i":{"x":1,"y":1},"o":{"x":0,"y":0}},{"s":[50,1860.952,0],"t":186,"i":{"x":1,"y":1},"o":{"x":0,"y":0}},{"s":[50,1886.869,0],"t":187,"i":{"x":1,"y":1},"o":{"x":0,"y":0}},{"s":[50,1908.74,0],"t":188,"i":{"x":1,"y":1},"o":{"x":0,"y":0}},{"s":[50,1926.341,0],"t":189,"i":{"x":1,"y":1},"o":{"x":0,"y":0}},{"s":[50,1939.463,0],"t":190,"i":{"x":1,"y":1},"o":{"x":0,"y":0}},{"s":[50,1947.914,0],"t":191,"i":{"x":1,"y":1},"o":{"x":0,"y":0}},{"s":[50,1951.407,0],"t":192,"i":{"x":1,"y":1},"o":{"x":0,"y":0}},{"s":[50,-34.857,0],"t":193,"i":{"x":1,"y":1},"o":{"x":0,"y":0}},{"s":[50,-28.269,0],"t":194,"i":{"x":1,"y":1},"o":{"x":0,"y":0}},{"s":[50,-16.926,0],"t":195,"i":{"x":1,"y":1},"o":{"x":0,"y":0}},{"s":[50,-1.022,0],"t":196,"i":{"x":1,"y":1},"o":{"x":0,"y":0}},{"s":[50,19.234,0],"t":197,"i":{"x":1,"y":1},"o":{"x":0,"y":0}},{"s":[50,43.625,0],"t":198,"i":{"x":1,"y":1},"o":{"x":0,"y":0}},{"s":[50,71.923,0],"t":199,"i":{"x":1,"y":1},"o":{"x":0,"y":0}},{"s":[50,103.927,0],"t":200,"i":{"x":1,"y":1},"o":{"x":0,"y":0}},{"s":[50,139.427,0],"t":201,"i":{"x":1,"y":1},"o":{"x":0,"y":0}},{"s":[50,178.187,0],"t":202,"i":{"x":1,"y":1},"o":{"x":0,"y":0}},{"s":[50,220.012,0],"t":203,"i":{"x":1,"y":1},"o":{"x":0,"y":0}},{"s":[50,264.683,0],"t":204,"i":{"x":1,"y":1},"o":{"x":0,"y":0}},{"s":[50,311.969,0],"t":205,"i":{"x":1,"y":1},"o":{"x":0,"y":0}},{"s":[50,361.675,0],"t":206,"i":{"x":1,"y":1},"o":{"x":0,"y":0}},{"s":[50,413.581,0],"t":207,"i":{"x":1,"y":1},"o":{"x":0,"y":0}},{"s":[50,467.46,0],"t":208,"i":{"x":1,"y":1},"o":{"x":0,"y":0}},{"s":[50,523.112,0],"t":209,"i":{"x":1,"y":1},"o":{"x":0,"y":0}},{"s":[50,580.314,0],"t":210,"i":{"x":1,"y":1},"o":{"x":0,"y":0}},{"s":[50,638.855,0],"t":211,"i":{"x":1,"y":1},"o":{"x":0,"y":0}},{"s":[50,698.518,0],"t":212,"i":{"x":1,"y":1},"o":{"x":0,"y":0}},{"s":[50,759.085,0],"t":213,"i":{"x":1,"y":1},"o":{"x":0,"y":0}},{"s":[50,820.348,0],"t":214,"i":{"x":1,"y":1},"o":{"x":0,"y":0}},{"s":[50,882.085,0],"t":215,"i":{"x":1,"y":1},"o":{"x":0,"y":0}},{"s":[50,1006.122,0],"t":217,"i":{"x":1,"y":1},"o":{"x":0,"y":0}},{"s":[50,1067.998,0],"t":218,"i":{"x":1,"y":1},"o":{"x":0,"y":0}},{"s":[50,1129.494,0],"t":219,"i":{"x":1,"y":1},"o":{"x":0,"y":0}},{"s":[50,1190.391,0],"t":220,"i":{"x":1,"y":1},"o":{"x":0,"y":0}},{"s":[50,1250.469,0],"t":221,"i":{"x":1,"y":1},"o":{"x":0,"y":0}},{"s":[50,1309.523,0],"t":222,"i":{"x":1,"y":1},"o":{"x":0,"y":0}},{"s":[50,1367.329,0],"t":223,"i":{"x":1,"y":1},"o":{"x":0,"y":0}},{"s":[50,1423.678,0],"t":224,"i":{"x":1,"y":1},"o":{"x":0,"y":0}},{"s":[50,1478.354,0],"t":225,"i":{"x":1,"y":1},"o":{"x":0,"y":0}},{"s":[50,1531.134,0],"t":226,"i":{"x":1,"y":1},"o":{"x":0,"y":0}},{"s":[50,1581.819,0],"t":227,"i":{"x":1,"y":1},"o":{"x":0,"y":0}},{"s":[50,1630.184,0],"t":228,"i":{"x":1,"y":1},"o":{"x":0,"y":0}},{"s":[50,1676.007,0],"t":229,"i":{"x":1,"y":1},"o":{"x":0,"y":0}},{"s":[50,1719.091,0],"t":230,"i":{"x":1,"y":1},"o":{"x":0,"y":0}},{"s":[50,1759.202,0],"t":231,"i":{"x":1,"y":1},"o":{"x":0,"y":0}},{"s":[50,1796.134,0],"t":232,"i":{"x":1,"y":1},"o":{"x":0,"y":0}},{"s":[50,1829.681,0],"t":233,"i":{"x":1,"y":1},"o":{"x":0,"y":0}},{"s":[50,1859.609,0],"t":234,"i":{"x":1,"y":1},"o":{"x":0,"y":0}},{"s":[50,1885.714,0],"t":235,"i":{"x":1,"y":1},"o":{"x":0,"y":0}},{"s":[50,1907.785,0],"t":236,"i":{"x":1,"y":1},"o":{"x":0,"y":0}},{"s":[50,1925.596,0],"t":237,"i":{"x":1,"y":1},"o":{"x":0,"y":0}},{"s":[50,1938.938,0],"t":238,"i":{"x":1,"y":1},"o":{"x":0,"y":0}},{"s":[50,1947.618,0],"t":239,"i":{"x":1,"y":1},"o":{"x":0,"y":0}},{"s":[50,1951.355,0],"t":240,"i":{"x":1,"y":1},"o":{"x":0,"y":0}},{"s":[50,-35.047,0],"t":241,"i":{"x":1,"y":1},"o":{"x":0,"y":0}},{"s":[50,-28.695,0],"t":242,"i":{"x":1,"y":1},"o":{"x":0,"y":0}},{"s":[50,-17.578,0],"t":243,"i":{"x":1,"y":1},"o":{"x":0,"y":0}},{"s":[50,-1.887,0],"t":244,"i":{"x":1,"y":1},"o":{"x":0,"y":0}},{"s":[50,18.164,0],"t":245,"i":{"x":1,"y":1},"o":{"x":0,"y":0}},{"s":[50,42.362,0],"t":246,"i":{"x":1,"y":1},"o":{"x":0,"y":0}},{"s":[50,70.478,0],"t":247,"i":{"x":1,"y":1},"o":{"x":0,"y":0}},{"s":[50,102.308,0],"t":248,"i":{"x":1,"y":1},"o":{"x":0,"y":0}},{"s":[50,137.645,0],"t":249,"i":{"x":1,"y":1},"o":{"x":0,"y":0}},{"s":[50,176.253,0],"t":250,"i":{"x":1,"y":1},"o":{"x":0,"y":0}},{"s":[50,217.935,0],"t":251,"i":{"x":1,"y":1},"o":{"x":0,"y":0}},{"s":[50,262.475,0],"t":252,"i":{"x":1,"y":1},"o":{"x":0,"y":0}},{"s":[50,309.641,0],"t":253,"i":{"x":1,"y":1},"o":{"x":0,"y":0}},{"s":[50,359.234,0],"t":254,"i":{"x":1,"y":1},"o":{"x":0,"y":0}},{"s":[50,411.04,0],"t":255,"i":{"x":1,"y":1},"o":{"x":0,"y":0}},{"s":[50,464.829,0],"t":256,"i":{"x":1,"y":1},"o":{"x":0,"y":0}},{"s":[50,520.401,0],"t":257,"i":{"x":1,"y":1},"o":{"x":0,"y":0}},{"s":[50,577.534,0],"t":258,"i":{"x":1,"y":1},"o":{"x":0,"y":0}},{"s":[50,636.015,0],"t":259,"i":{"x":1,"y":1},"o":{"x":0,"y":0}},{"s":[50,695.629,0],"t":260,"i":{"x":1,"y":1},"o":{"x":0,"y":0}},{"s":[50,756.157,0],"t":261,"i":{"x":1,"y":1},"o":{"x":0,"y":0}},{"s":[50,817.392,0],"t":262,"i":{"x":1,"y":1},"o":{"x":0,"y":0}},{"s":[50,879.111,0],"t":263,"i":{"x":1,"y":1},"o":{"x":0,"y":0}},{"s":[50,1003.143,0],"t":265,"i":{"x":1,"y":1},"o":{"x":0,"y":0}},{"s":[50,1065.032,0],"t":266,"i":{"x":1,"y":1},"o":{"x":0,"y":0}},{"s":[50,1126.551,0],"t":267,"i":{"x":1,"y":1},"o":{"x":0,"y":0}},{"s":[50,1187.482,0],"t":268,"i":{"x":1,"y":1},"o":{"x":0,"y":0}},{"s":[50,1247.604,0],"t":269,"i":{"x":1,"y":1},"o":{"x":0,"y":0}},{"s":[50,1306.712,0],"t":270,"i":{"x":1,"y":1},"o":{"x":0,"y":0}},{"s":[50,1364.583,0],"t":271,"i":{"x":1,"y":1},"o":{"x":0,"y":0}},{"s":[50,1421.007,0],"t":272,"i":{"x":1,"y":1},"o":{"x":0,"y":0}},{"s":[50,1475.769,0],"t":273,"i":{"x":1,"y":1},"o":{"x":0,"y":0}},{"s":[50,1528.644,0],"t":274,"i":{"x":1,"y":1},"o":{"x":0,"y":0}},{"s":[50,1579.435,0],"t":275,"i":{"x":1,"y":1},"o":{"x":0,"y":0}},{"s":[50,1627.916,0],"t":276,"i":{"x":1,"y":1},"o":{"x":0,"y":0}},{"s":[50,1673.866,0],"t":277,"i":{"x":1,"y":1},"o":{"x":0,"y":0}},{"s":[50,1717.087,0],"t":278,"i":{"x":1,"y":1},"o":{"x":0,"y":0}},{"s":[50,1757.346,0],"t":279,"i":{"x":1,"y":1},"o":{"x":0,"y":0}},{"s":[50,1794.435,0],"t":280,"i":{"x":1,"y":1},"o":{"x":0,"y":0}},{"s":[50,1828.15,0],"t":281,"i":{"x":1,"y":1},"o":{"x":0,"y":0}},{"s":[50,1858.257,0],"t":282,"i":{"x":1,"y":1},"o":{"x":0,"y":0}},{"s":[50,1884.55,0],"t":283,"i":{"x":1,"y":1},"o":{"x":0,"y":0}},{"s":[50,1906.82,0],"t":284,"i":{"x":1,"y":1},"o":{"x":0,"y":0}},{"s":[50,1924.841,0],"t":285,"i":{"x":1,"y":1},"o":{"x":0,"y":0}},{"s":[50,1938.402,0],"t":286,"i":{"x":1,"y":1},"o":{"x":0,"y":0}},{"s":[50,1947.311,0],"t":287,"i":{"x":1,"y":1},"o":{"x":0,"y":0}},{"s":[50,1951.291,0],"t":288,"i":{"x":1,"y":1},"o":{"x":0,"y":0}},{"s":[50,-35.225,0],"t":289,"i":{"x":1,"y":1},"o":{"x":0,"y":0}},{"s":[50,-29.112,0],"t":290,"i":{"x":1,"y":1},"o":{"x":0,"y":0}},{"s":[50,-18.218,0],"t":291,"i":{"x":1,"y":1},"o":{"x":0,"y":0}},{"s":[50,-2.742,0],"t":292,"i":{"x":1,"y":1},"o":{"x":0,"y":0}},{"s":[50,17.104,0],"t":293,"i":{"x":1,"y":1},"o":{"x":0,"y":0}},{"s":[50,41.108,0],"t":294,"i":{"x":1,"y":1},"o":{"x":0,"y":0}},{"s":[50,69.04,0],"t":295,"i":{"x":1,"y":1},"o":{"x":0,"y":0}},{"s":[50,100.696,0],"t":296,"i":{"x":1,"y":1},"o":{"x":0,"y":0}},{"s":[50,135.87,0],"t":297,"i":{"x":1,"y":1},"o":{"x":0,"y":0}},{"s":[50,174.327,0],"t":298,"i":{"x":1,"y":1},"o":{"x":0,"y":0}},{"s":[50,215.865,0],"t":299,"i":{"x":1,"y":1},"o":{"x":0,"y":0}},{"s":[50,260.274,0],"t":300,"i":{"x":1,"y":1},"o":{"x":0,"y":0}},{"s":[50,307.318,0],"t":301,"i":{"x":1,"y":1},"o":{"x":0,"y":0}},{"s":[50,356.799,0],"t":302,"i":{"x":1,"y":1},"o":{"x":0,"y":0}},{"s":[50,408.504,0],"t":303,"i":{"x":1,"y":1},"o":{"x":0,"y":0}},{"s":[50,462.202,0],"t":304,"i":{"x":1,"y":1},"o":{"x":0,"y":0}},{"s":[50,517.693,0],"t":305,"i":{"x":1,"y":1},"o":{"x":0,"y":0}},{"s":[50,574.756,0],"t":306,"i":{"x":1,"y":1},"o":{"x":0,"y":0}},{"s":[50,633.177,0],"t":307,"i":{"x":1,"y":1},"o":{"x":0,"y":0}},{"s":[50,692.742,0],"t":308,"i":{"x":1,"y":1},"o":{"x":0,"y":0}},{"s":[50,753.231,0],"t":309,"i":{"x":1,"y":1},"o":{"x":0,"y":0}},{"s":[50,814.437,0],"t":310,"i":{"x":1,"y":1},"o":{"x":0,"y":0}},{"s":[50,876.138,0],"t":311,"i":{"x":1,"y":1},"o":{"x":0,"y":0}},{"s":[50,938.118,0],"t":312,"i":{"x":1,"y":1},"o":{"x":0,"y":0}},{"s":[50,1000.164,0],"t":313,"i":{"x":1,"y":1},"o":{"x":0,"y":0}},{"s":[50,1062.065,0],"t":314,"i":{"x":1,"y":1},"o":{"x":0,"y":0}},{"s":[50,1123.607,0],"t":315,"i":{"x":1,"y":1},"o":{"x":0,"y":0}},{"s":[50,1184.571,0],"t":316,"i":{"x":1,"y":1},"o":{"x":0,"y":0}},{"s":[50,1244.737,0],"t":317,"i":{"x":1,"y":1},"o":{"x":0,"y":0}},{"s":[50,1303.899,0],"t":318,"i":{"x":1,"y":1},"o":{"x":0,"y":0}},{"s":[50,1361.834,0],"t":319,"i":{"x":1,"y":1},"o":{"x":0,"y":0}},{"s":[50,1418.332,0],"t":320,"i":{"x":1,"y":1},"o":{"x":0,"y":0}},{"s":[50,1473.179,0],"t":321,"i":{"x":1,"y":1},"o":{"x":0,"y":0}},{"s":[50,1526.15,0],"t":322,"i":{"x":1,"y":1},"o":{"x":0,"y":0}},{"s":[50,1577.045,0],"t":323,"i":{"x":1,"y":1},"o":{"x":0,"y":0}},{"s":[50,1625.643,0],"t":324,"i":{"x":1,"y":1},"o":{"x":0,"y":0}},{"s":[50,1671.719,0],"t":325,"i":{"x":1,"y":1},"o":{"x":0,"y":0}},{"s":[50,1715.076,0],"t":326,"i":{"x":1,"y":1},"o":{"x":0,"y":0}},{"s":[50,1755.483,0],"t":327,"i":{"x":1,"y":1},"o":{"x":0,"y":0}},{"s":[50,1792.728,0],"t":328,"i":{"x":1,"y":1},"o":{"x":0,"y":0}},{"s":[50,1826.611,0],"t":329,"i":{"x":1,"y":1},"o":{"x":0,"y":0}},{"s":[50,1856.896,0],"t":330,"i":{"x":1,"y":1},"o":{"x":0,"y":0}},{"s":[50,1883.377,0],"t":331,"i":{"x":1,"y":1},"o":{"x":0,"y":0}},{"s":[50,1905.845,0],"t":332,"i":{"x":1,"y":1},"o":{"x":0,"y":0}},{"s":[50,1924.075,0],"t":333,"i":{"x":1,"y":1},"o":{"x":0,"y":0}},{"s":[50,1937.856,0],"t":334,"i":{"x":1,"y":1},"o":{"x":0,"y":0}},{"s":[50,1946.992,0],"t":335,"i":{"x":1,"y":1},"o":{"x":0,"y":0}},{"s":[50,1951.215,0],"t":336,"i":{"x":1,"y":1},"o":{"x":0,"y":0}},{"s":[50,-35.392,0],"t":337,"i":{"x":1,"y":1},"o":{"x":0,"y":0}},{"s":[50,-29.518,0],"t":338,"i":{"x":1,"y":1},"o":{"x":0,"y":0}},{"s":[50,-18.848,0],"t":339,"i":{"x":1,"y":1},"o":{"x":0,"y":0}},{"s":[50,-3.588,0],"t":340,"i":{"x":1,"y":1},"o":{"x":0,"y":0}},{"s":[50,16.054,0],"t":341,"i":{"x":1,"y":1},"o":{"x":0,"y":0}},{"s":[50,39.863,0],"t":342,"i":{"x":1,"y":1},"o":{"x":0,"y":0}},{"s":[50,67.611,0],"t":343,"i":{"x":1,"y":1},"o":{"x":0,"y":0}},{"s":[50,99.093,0],"t":344,"i":{"x":1,"y":1},"o":{"x":0,"y":0}},{"s":[50,134.103,0],"t":345,"i":{"x":1,"y":1},"o":{"x":0,"y":0}},{"s":[50,172.407,0],"t":346,"i":{"x":1,"y":1},"o":{"x":0,"y":0}},{"s":[50,213.801,0],"t":347,"i":{"x":1,"y":1},"o":{"x":0,"y":0}},{"s":[50,258.078,0],"t":348,"i":{"x":1,"y":1},"o":{"x":0,"y":0}},{"s":[50,305,0],"t":349,"i":{"x":1,"y":1},"o":{"x":0,"y":0}},{"s":[50,354.368,0],"t":350,"i":{"x":1,"y":1},"o":{"x":0,"y":0}},{"s":[50,405.972,0],"t":351,"i":{"x":1,"y":1},"o":{"x":0,"y":0}},{"s":[50,459.58,0],"t":352,"i":{"x":1,"y":1},"o":{"x":0,"y":0}},{"s":[50,514.989,0],"t":353,"i":{"x":1,"y":1},"o":{"x":0,"y":0}},{"s":[50,571.982,0],"t":354,"i":{"x":1,"y":1},"o":{"x":0,"y":0}},{"s":[50,630.342,0],"t":355,"i":{"x":1,"y":1},"o":{"x":0,"y":0}},{"s":[50,689.857,0],"t":356,"i":{"x":1,"y":1},"o":{"x":0,"y":0}},{"s":[50,750.306,0],"t":357,"i":{"x":1,"y":1},"o":{"x":0,"y":0}},{"s":[50,811.483,0],"t":358,"i":{"x":1,"y":1},"o":{"x":0,"y":0}},{"s":[50,873.165,0],"t":359,"i":{"x":1,"y":1},"o":{"x":0,"y":0}},{"s":[50,935.137,0],"t":360,"i":{"x":1,"y":1},"o":{"x":0,"y":0}}],"l":2},"a":{"a":0,"k":[18,-266.5,0],"ix":1,"l":2},"s":{"a":0,"k":[100,100,100],"ix":6,"l":2}},"ao":0,"shapes":[{"ty":"gr","it":[{"ind":0,"ty":"sh","ix":1,"ks":{"a":0,"k":{"i":[[0,0],[0,0]],"o":[[0,0],[0,0]],"v":[[18,-280],[18,-240]],"c":false},"ix":2},"nm":"Path 1","mn":"ADBE Vector Shape - Group","hd":false},{"ty":"st","c":{"a":0,"k":[0.30980392156862746,0.7607843137254902,0.8784313725490196,1],"ix":3},"o":{"a":0,"k":100,"ix":4},"w":{"a":0,"k":0.5,"ix":5},"lc":1,"lj":1,"ml":4,"bm":0,"nm":"Stroke 1","mn":"ADBE Vector Graphic - Stroke","hd":false},{"ty":"tr","p":{"a":0,"k":[0,0],"ix":2},"a":{"a":0,"k":[0,0],"ix":1},"s":{"a":0,"k":[100,100],"ix":3},"r":{"a":0,"k":0,"ix":6},"o":{"a":0,"k":100,"ix":7},"sk":{"a":0,"k":0,"ix":4},"sa":{"a":0,"k":0,"ix":5},"nm":"Transform"}],"nm":"Shape 1","np":3,"cix":2,"bm":0,"ix":1,"mn":"ADBE Vector Group","hd":false}],"ip":0,"op":489.48948948949,"st":0,"bm":0}]},{"id":"comp_3","layers":[{"ddd":0,"ind":1,"ty":4,"nm":"Shape Layer 1","sr":1,"ks":{"o":{"a":0,"k":100,"ix":11},"r":{"a":0,"k":0,"ix":10},"p":{"k":[{"s":[50,-36.5,0],"t":0,"i":{"x":1,"y":1},"o":{"x":0,"y":0}},{"s":[50,-26.453,0],"t":1,"i":{"x":1,"y":1},"o":{"x":0,"y":0}},{"s":[50,2.54,0],"t":2,"i":{"x":1,"y":1},"o":{"x":0,"y":0}},{"s":[50,48.767,0],"t":3,"i":{"x":1,"y":1},"o":{"x":0,"y":0}},{"s":[50,110.486,0],"t":4,"i":{"x":1,"y":1},"o":{"x":0,"y":0}},{"s":[50,185.993,0],"t":5,"i":{"x":1,"y":1},"o":{"x":0,"y":0}},{"s":[50,273.575,0],"t":6,"i":{"x":1,"y":1},"o":{"x":0,"y":0}},{"s":[50,371.487,0],"t":7,"i":{"x":1,"y":1},"o":{"x":0,"y":0}},{"s":[50,478.024,0],"t":8,"i":{"x":1,"y":1},"o":{"x":0,"y":0}},{"s":[50,591.468,0],"t":9,"i":{"x":1,"y":1},"o":{"x":0,"y":0}},{"s":[50,710.094,0],"t":10,"i":{"x":1,"y":1},"o":{"x":0,"y":0}},{"s":[50,832.183,0],"t":11,"i":{"x":1,"y":1},"o":{"x":0,"y":0}},{"s":[50,1079.853,0],"t":13,"i":{"x":1,"y":1},"o":{"x":0,"y":0}},{"s":[50,1202.007,0],"t":14,"i":{"x":1,"y":1},"o":{"x":0,"y":0}},{"s":[50,1320.737,0],"t":15,"i":{"x":1,"y":1},"o":{"x":0,"y":0}},{"s":[50,1434.323,0],"t":16,"i":{"x":1,"y":1},"o":{"x":0,"y":0}},{"s":[50,1541.044,0],"t":17,"i":{"x":1,"y":1},"o":{"x":0,"y":0}},{"s":[50,1639.193,0],"t":18,"i":{"x":1,"y":1},"o":{"x":0,"y":0}},{"s":[50,1727.038,0],"t":19,"i":{"x":1,"y":1},"o":{"x":0,"y":0}},{"s":[50,1802.851,0],"t":20,"i":{"x":1,"y":1},"o":{"x":0,"y":0}},{"s":[50,1864.929,0],"t":21,"i":{"x":1,"y":1},"o":{"x":0,"y":0}},{"s":[50,1911.545,0],"t":22,"i":{"x":1,"y":1},"o":{"x":0,"y":0}},{"s":[50,1940.972,0],"t":23,"i":{"x":1,"y":1},"o":{"x":0,"y":0}},{"s":[50,1951.494,0],"t":24,"i":{"x":1,"y":1},"o":{"x":0,"y":0}},{"s":[50,-26.924,0],"t":25,"i":{"x":1,"y":1},"o":{"x":0,"y":0}},{"s":[50,1.634,0],"t":26,"i":{"x":1,"y":1},"o":{"x":0,"y":0}},{"s":[50,47.468,0],"t":27,"i":{"x":1,"y":1},"o":{"x":0,"y":0}},{"s":[50,108.834,0],"t":28,"i":{"x":1,"y":1},"o":{"x":0,"y":0}},{"s":[50,184.031,0],"t":29,"i":{"x":1,"y":1},"o":{"x":0,"y":0}},{"s":[50,271.343,0],"t":30,"i":{"x":1,"y":1},"o":{"x":0,"y":0}},{"s":[50,369.027,0],"t":31,"i":{"x":1,"y":1},"o":{"x":0,"y":0}},{"s":[50,475.377,0],"t":32,"i":{"x":1,"y":1},"o":{"x":0,"y":0}},{"s":[50,588.675,0],"t":33,"i":{"x":1,"y":1},"o":{"x":0,"y":0}},{"s":[50,707.197,0],"t":34,"i":{"x":1,"y":1},"o":{"x":0,"y":0}},{"s":[50,829.223,0],"t":35,"i":{"x":1,"y":1},"o":{"x":0,"y":0}},{"s":[50,1076.891,0],"t":37,"i":{"x":1,"y":1},"o":{"x":0,"y":0}},{"s":[50,1199.106,0],"t":38,"i":{"x":1,"y":1},"o":{"x":0,"y":0}},{"s":[50,1317.938,0],"t":39,"i":{"x":1,"y":1},"o":{"x":0,"y":0}},{"s":[50,1431.667,0],"t":40,"i":{"x":1,"y":1},"o":{"x":0,"y":0}},{"s":[50,1538.574,0],"t":41,"i":{"x":1,"y":1},"o":{"x":0,"y":0}},{"s":[50,1636.95,0],"t":42,"i":{"x":1,"y":1},"o":{"x":0,"y":0}},{"s":[50,1725.062,0],"t":43,"i":{"x":1,"y":1},"o":{"x":0,"y":0}},{"s":[50,1801.184,0],"t":44,"i":{"x":1,"y":1},"o":{"x":0,"y":0}},{"s":[50,1863.612,0],"t":45,"i":{"x":1,"y":1},"o":{"x":0,"y":0}},{"s":[50,1910.62,0],"t":46,"i":{"x":1,"y":1},"o":{"x":0,"y":0}},{"s":[50,1940.48,0],"t":47,"i":{"x":1,"y":1},"o":{"x":0,"y":0}},{"s":[50,1951.477,0],"t":48,"i":{"x":1,"y":1},"o":{"x":0,"y":0}},{"s":[50,-27.383,0],"t":49,"i":{"x":1,"y":1},"o":{"x":0,"y":0}},{"s":[50,0.739,0],"t":50,"i":{"x":1,"y":1},"o":{"x":0,"y":0}},{"s":[50,46.178,0],"t":51,"i":{"x":1,"y":1},"o":{"x":0,"y":0}},{"s":[50,107.191,0],"t":52,"i":{"x":1,"y":1},"o":{"x":0,"y":0}},{"s":[50,182.076,0],"t":53,"i":{"x":1,"y":1},"o":{"x":0,"y":0}},{"s":[50,269.117,0],"t":54,"i":{"x":1,"y":1},"o":{"x":0,"y":0}},{"s":[50,366.571,0],"t":55,"i":{"x":1,"y":1},"o":{"x":0,"y":0}},{"s":[50,472.734,0],"t":56,"i":{"x":1,"y":1},"o":{"x":0,"y":0}},{"s":[50,585.885,0],"t":57,"i":{"x":1,"y":1},"o":{"x":0,"y":0}},{"s":[50,704.302,0],"t":58,"i":{"x":1,"y":1},"o":{"x":0,"y":0}},{"s":[50,826.263,0],"t":59,"i":{"x":1,"y":1},"o":{"x":0,"y":0}},{"s":[50,1073.927,0],"t":61,"i":{"x":1,"y":1},"o":{"x":0,"y":0}},{"s":[50,1196.203,0],"t":62,"i":{"x":1,"y":1},"o":{"x":0,"y":0}},{"s":[50,1315.136,0],"t":63,"i":{"x":1,"y":1},"o":{"x":0,"y":0}},{"s":[50,1429.008,0],"t":64,"i":{"x":1,"y":1},"o":{"x":0,"y":0}},{"s":[50,1536.099,0],"t":65,"i":{"x":1,"y":1},"o":{"x":0,"y":0}},{"s":[50,1634.7,0],"t":66,"i":{"x":1,"y":1},"o":{"x":0,"y":0}},{"s":[50,1723.078,0],"t":67,"i":{"x":1,"y":1},"o":{"x":0,"y":0}},{"s":[50,1799.508,0],"t":68,"i":{"x":1,"y":1},"o":{"x":0,"y":0}},{"s":[50,1862.287,0],"t":69,"i":{"x":1,"y":1},"o":{"x":0,"y":0}},{"s":[50,1909.685,0],"t":70,"i":{"x":1,"y":1},"o":{"x":0,"y":0}},{"s":[50,1939.977,0],"t":71,"i":{"x":1,"y":1},"o":{"x":0,"y":0}},{"s":[50,1951.448,0],"t":72,"i":{"x":1,"y":1},"o":{"x":0,"y":0}},{"s":[50,-27.831,0],"t":73,"i":{"x":1,"y":1},"o":{"x":0,"y":0}},{"s":[50,-0.146,0],"t":74,"i":{"x":1,"y":1},"o":{"x":0,"y":0}},{"s":[50,44.897,0],"t":75,"i":{"x":1,"y":1},"o":{"x":0,"y":0}},{"s":[50,105.555,0],"t":76,"i":{"x":1,"y":1},"o":{"x":0,"y":0}},{"s":[50,180.128,0],"t":77,"i":{"x":1,"y":1},"o":{"x":0,"y":0}},{"s":[50,266.897,0],"t":78,"i":{"x":1,"y":1},"o":{"x":0,"y":0}},{"s":[50,364.12,0],"t":79,"i":{"x":1,"y":1},"o":{"x":0,"y":0}},{"s":[50,470.095,0],"t":80,"i":{"x":1,"y":1},"o":{"x":0,"y":0}},{"s":[50,583.098,0],"t":81,"i":{"x":1,"y":1},"o":{"x":0,"y":0}},{"s":[50,701.409,0],"t":82,"i":{"x":1,"y":1},"o":{"x":0,"y":0}},{"s":[50,823.305,0],"t":83,"i":{"x":1,"y":1},"o":{"x":0,"y":0}},{"s":[50,947.062,0],"t":84,"i":{"x":1,"y":1},"o":{"x":0,"y":0}},{"s":[50,1070.963,0],"t":85,"i":{"x":1,"y":1},"o":{"x":0,"y":0}},{"s":[50,1193.298,0],"t":86,"i":{"x":1,"y":1},"o":{"x":0,"y":0}},{"s":[50,1312.331,0],"t":87,"i":{"x":1,"y":1},"o":{"x":0,"y":0}},{"s":[50,1426.345,0],"t":88,"i":{"x":1,"y":1},"o":{"x":0,"y":0}},{"s":[50,1533.619,0],"t":89,"i":{"x":1,"y":1},"o":{"x":0,"y":0}},{"s":[50,1632.445,0],"t":90,"i":{"x":1,"y":1},"o":{"x":0,"y":0}},{"s":[50,1721.088,0],"t":91,"i":{"x":1,"y":1},"o":{"x":0,"y":0}},{"s":[50,1797.825,0],"t":92,"i":{"x":1,"y":1},"o":{"x":0,"y":0}},{"s":[50,1860.952,0],"t":93,"i":{"x":1,"y":1},"o":{"x":0,"y":0}},{"s":[50,1908.74,0],"t":94,"i":{"x":1,"y":1},"o":{"x":0,"y":0}},{"s":[50,1939.463,0],"t":95,"i":{"x":1,"y":1},"o":{"x":0,"y":0}},{"s":[50,1951.407,0],"t":96,"i":{"x":1,"y":1},"o":{"x":0,"y":0}},{"s":[50,-28.269,0],"t":97,"i":{"x":1,"y":1},"o":{"x":0,"y":0}},{"s":[50,-1.022,0],"t":98,"i":{"x":1,"y":1},"o":{"x":0,"y":0}},{"s":[50,43.625,0],"t":99,"i":{"x":1,"y":1},"o":{"x":0,"y":0}},{"s":[50,103.927,0],"t":100,"i":{"x":1,"y":1},"o":{"x":0,"y":0}},{"s":[50,178.187,0],"t":101,"i":{"x":1,"y":1},"o":{"x":0,"y":0}},{"s":[50,264.683,0],"t":102,"i":{"x":1,"y":1},"o":{"x":0,"y":0}},{"s":[50,361.675,0],"t":103,"i":{"x":1,"y":1},"o":{"x":0,"y":0}},{"s":[50,467.46,0],"t":104,"i":{"x":1,"y":1},"o":{"x":0,"y":0}},{"s":[50,580.314,0],"t":105,"i":{"x":1,"y":1},"o":{"x":0,"y":0}},{"s":[50,698.518,0],"t":106,"i":{"x":1,"y":1},"o":{"x":0,"y":0}},{"s":[50,820.348,0],"t":107,"i":{"x":1,"y":1},"o":{"x":0,"y":0}},{"s":[50,944.081,0],"t":108,"i":{"x":1,"y":1},"o":{"x":0,"y":0}},{"s":[50,1067.998,0],"t":109,"i":{"x":1,"y":1},"o":{"x":0,"y":0}},{"s":[50,1190.391,0],"t":110,"i":{"x":1,"y":1},"o":{"x":0,"y":0}},{"s":[50,1309.523,0],"t":111,"i":{"x":1,"y":1},"o":{"x":0,"y":0}},{"s":[50,1423.678,0],"t":112,"i":{"x":1,"y":1},"o":{"x":0,"y":0}},{"s":[50,1531.134,0],"t":113,"i":{"x":1,"y":1},"o":{"x":0,"y":0}},{"s":[50,1630.184,0],"t":114,"i":{"x":1,"y":1},"o":{"x":0,"y":0}},{"s":[50,1719.091,0],"t":115,"i":{"x":1,"y":1},"o":{"x":0,"y":0}},{"s":[50,1796.134,0],"t":116,"i":{"x":1,"y":1},"o":{"x":0,"y":0}},{"s":[50,1859.609,0],"t":117,"i":{"x":1,"y":1},"o":{"x":0,"y":0}},{"s":[50,1907.785,0],"t":118,"i":{"x":1,"y":1},"o":{"x":0,"y":0}},{"s":[50,1938.938,0],"t":119,"i":{"x":1,"y":1},"o":{"x":0,"y":0}},{"s":[50,1951.355,0],"t":120,"i":{"x":1,"y":1},"o":{"x":0,"y":0}},{"s":[50,-28.695,0],"t":121,"i":{"x":1,"y":1},"o":{"x":0,"y":0}},{"s":[50,-1.887,0],"t":122,"i":{"x":1,"y":1},"o":{"x":0,"y":0}},{"s":[50,42.362,0],"t":123,"i":{"x":1,"y":1},"o":{"x":0,"y":0}},{"s":[50,102.308,0],"t":124,"i":{"x":1,"y":1},"o":{"x":0,"y":0}},{"s":[50,176.253,0],"t":125,"i":{"x":1,"y":1},"o":{"x":0,"y":0}},{"s":[50,262.475,0],"t":126,"i":{"x":1,"y":1},"o":{"x":0,"y":0}},{"s":[50,359.234,0],"t":127,"i":{"x":1,"y":1},"o":{"x":0,"y":0}},{"s":[50,464.829,0],"t":128,"i":{"x":1,"y":1},"o":{"x":0,"y":0}},{"s":[50,577.534,0],"t":129,"i":{"x":1,"y":1},"o":{"x":0,"y":0}},{"s":[50,695.629,0],"t":130,"i":{"x":1,"y":1},"o":{"x":0,"y":0}},{"s":[50,817.392,0],"t":131,"i":{"x":1,"y":1},"o":{"x":0,"y":0}},{"s":[50,941.099,0],"t":132,"i":{"x":1,"y":1},"o":{"x":0,"y":0}},{"s":[50,1065.032,0],"t":133,"i":{"x":1,"y":1},"o":{"x":0,"y":0}},{"s":[50,1187.482,0],"t":134,"i":{"x":1,"y":1},"o":{"x":0,"y":0}},{"s":[50,1306.712,0],"t":135,"i":{"x":1,"y":1},"o":{"x":0,"y":0}},{"s":[50,1421.007,0],"t":136,"i":{"x":1,"y":1},"o":{"x":0,"y":0}},{"s":[50,1528.644,0],"t":137,"i":{"x":1,"y":1},"o":{"x":0,"y":0}},{"s":[50,1627.916,0],"t":138,"i":{"x":1,"y":1},"o":{"x":0,"y":0}},{"s":[50,1717.087,0],"t":139,"i":{"x":1,"y":1},"o":{"x":0,"y":0}},{"s":[50,1794.435,0],"t":140,"i":{"x":1,"y":1},"o":{"x":0,"y":0}},{"s":[50,1858.257,0],"t":141,"i":{"x":1,"y":1},"o":{"x":0,"y":0}},{"s":[50,1906.82,0],"t":142,"i":{"x":1,"y":1},"o":{"x":0,"y":0}},{"s":[50,1938.402,0],"t":143,"i":{"x":1,"y":1},"o":{"x":0,"y":0}},{"s":[50,1951.291,0],"t":144,"i":{"x":1,"y":1},"o":{"x":0,"y":0}},{"s":[50,-29.112,0],"t":145,"i":{"x":1,"y":1},"o":{"x":0,"y":0}},{"s":[50,-2.742,0],"t":146,"i":{"x":1,"y":1},"o":{"x":0,"y":0}},{"s":[50,41.108,0],"t":147,"i":{"x":1,"y":1},"o":{"x":0,"y":0}},{"s":[50,100.696,0],"t":148,"i":{"x":1,"y":1},"o":{"x":0,"y":0}},{"s":[50,174.327,0],"t":149,"i":{"x":1,"y":1},"o":{"x":0,"y":0}},{"s":[50,260.274,0],"t":150,"i":{"x":1,"y":1},"o":{"x":0,"y":0}},{"s":[50,356.799,0],"t":151,"i":{"x":1,"y":1},"o":{"x":0,"y":0}},{"s":[50,462.202,0],"t":152,"i":{"x":1,"y":1},"o":{"x":0,"y":0}},{"s":[50,574.756,0],"t":153,"i":{"x":1,"y":1},"o":{"x":0,"y":0}},{"s":[50,692.742,0],"t":154,"i":{"x":1,"y":1},"o":{"x":0,"y":0}},{"s":[50,814.437,0],"t":155,"i":{"x":1,"y":1},"o":{"x":0,"y":0}},{"s":[50,938.118,0],"t":156,"i":{"x":1,"y":1},"o":{"x":0,"y":0}},{"s":[50,1062.065,0],"t":157,"i":{"x":1,"y":1},"o":{"x":0,"y":0}},{"s":[50,1184.571,0],"t":158,"i":{"x":1,"y":1},"o":{"x":0,"y":0}},{"s":[50,1303.899,0],"t":159,"i":{"x":1,"y":1},"o":{"x":0,"y":0}},{"s":[50,1418.332,0],"t":160,"i":{"x":1,"y":1},"o":{"x":0,"y":0}},{"s":[50,1526.15,0],"t":161,"i":{"x":1,"y":1},"o":{"x":0,"y":0}},{"s":[50,1625.643,0],"t":162,"i":{"x":1,"y":1},"o":{"x":0,"y":0}},{"s":[50,1715.076,0],"t":163,"i":{"x":1,"y":1},"o":{"x":0,"y":0}},{"s":[50,1792.728,0],"t":164,"i":{"x":1,"y":1},"o":{"x":0,"y":0}},{"s":[50,1856.896,0],"t":165,"i":{"x":1,"y":1},"o":{"x":0,"y":0}},{"s":[50,1905.845,0],"t":166,"i":{"x":1,"y":1},"o":{"x":0,"y":0}},{"s":[50,1937.856,0],"t":167,"i":{"x":1,"y":1},"o":{"x":0,"y":0}},{"s":[50,1951.215,0],"t":168,"i":{"x":1,"y":1},"o":{"x":0,"y":0}},{"s":[50,-29.518,0],"t":169,"i":{"x":1,"y":1},"o":{"x":0,"y":0}},{"s":[50,-3.588,0],"t":170,"i":{"x":1,"y":1},"o":{"x":0,"y":0}},{"s":[50,39.863,0],"t":171,"i":{"x":1,"y":1},"o":{"x":0,"y":0}},{"s":[50,99.093,0],"t":172,"i":{"x":1,"y":1},"o":{"x":0,"y":0}},{"s":[50,172.407,0],"t":173,"i":{"x":1,"y":1},"o":{"x":0,"y":0}},{"s":[50,258.078,0],"t":174,"i":{"x":1,"y":1},"o":{"x":0,"y":0}},{"s":[50,354.368,0],"t":175,"i":{"x":1,"y":1},"o":{"x":0,"y":0}},{"s":[50,459.58,0],"t":176,"i":{"x":1,"y":1},"o":{"x":0,"y":0}},{"s":[50,571.982,0],"t":177,"i":{"x":1,"y":1},"o":{"x":0,"y":0}},{"s":[50,689.857,0],"t":178,"i":{"x":1,"y":1},"o":{"x":0,"y":0}},{"s":[50,811.483,0],"t":179,"i":{"x":1,"y":1},"o":{"x":0,"y":0}},{"s":[50,935.137,0],"t":180,"i":{"x":1,"y":1},"o":{"x":0,"y":0}},{"s":[50,1059.097,0],"t":181,"i":{"x":1,"y":1},"o":{"x":0,"y":0}},{"s":[50,1181.659,0],"t":182,"i":{"x":1,"y":1},"o":{"x":0,"y":0}},{"s":[50,1301.082,0],"t":183,"i":{"x":1,"y":1},"o":{"x":0,"y":0}},{"s":[50,1415.653,0],"t":184,"i":{"x":1,"y":1},"o":{"x":0,"y":0}},{"s":[50,1523.65,0],"t":185,"i":{"x":1,"y":1},"o":{"x":0,"y":0}},{"s":[50,1623.364,0],"t":186,"i":{"x":1,"y":1},"o":{"x":0,"y":0}},{"s":[50,1713.058,0],"t":187,"i":{"x":1,"y":1},"o":{"x":0,"y":0}},{"s":[50,1791.014,0],"t":188,"i":{"x":1,"y":1},"o":{"x":0,"y":0}},{"s":[50,1855.526,0],"t":189,"i":{"x":1,"y":1},"o":{"x":0,"y":0}},{"s":[50,1904.861,0],"t":190,"i":{"x":1,"y":1},"o":{"x":0,"y":0}},{"s":[50,1937.299,0],"t":191,"i":{"x":1,"y":1},"o":{"x":0,"y":0}},{"s":[50,1951.128,0],"t":192,"i":{"x":1,"y":1},"o":{"x":0,"y":0}},{"s":[50,-29.913,0],"t":193,"i":{"x":1,"y":1},"o":{"x":0,"y":0}},{"s":[50,-4.423,0],"t":194,"i":{"x":1,"y":1},"o":{"x":0,"y":0}},{"s":[50,38.627,0],"t":195,"i":{"x":1,"y":1},"o":{"x":0,"y":0}},{"s":[50,97.497,0],"t":196,"i":{"x":1,"y":1},"o":{"x":0,"y":0}},{"s":[50,170.494,0],"t":197,"i":{"x":1,"y":1},"o":{"x":0,"y":0}},{"s":[50,255.888,0],"t":198,"i":{"x":1,"y":1},"o":{"x":0,"y":0}},{"s":[50,351.943,0],"t":199,"i":{"x":1,"y":1},"o":{"x":0,"y":0}},{"s":[50,456.961,0],"t":200,"i":{"x":1,"y":1},"o":{"x":0,"y":0}},{"s":[50,569.21,0],"t":201,"i":{"x":1,"y":1},"o":{"x":0,"y":0}},{"s":[50,686.974,0],"t":202,"i":{"x":1,"y":1},"o":{"x":0,"y":0}},{"s":[50,808.53,0],"t":203,"i":{"x":1,"y":1},"o":{"x":0,"y":0}},{"s":[50,932.156,0],"t":204,"i":{"x":1,"y":1},"o":{"x":0,"y":0}},{"s":[50,1056.129,0],"t":205,"i":{"x":1,"y":1},"o":{"x":0,"y":0}},{"s":[50,1178.744,0],"t":206,"i":{"x":1,"y":1},"o":{"x":0,"y":0}},{"s":[50,1298.263,0],"t":207,"i":{"x":1,"y":1},"o":{"x":0,"y":0}},{"s":[50,1412.971,0],"t":208,"i":{"x":1,"y":1},"o":{"x":0,"y":0}},{"s":[50,1521.146,0],"t":209,"i":{"x":1,"y":1},"o":{"x":0,"y":0}},{"s":[50,1621.08,0],"t":210,"i":{"x":1,"y":1},"o":{"x":0,"y":0}},{"s":[50,1711.033,0],"t":211,"i":{"x":1,"y":1},"o":{"x":0,"y":0}},{"s":[50,1789.292,0],"t":212,"i":{"x":1,"y":1},"o":{"x":0,"y":0}},{"s":[50,1854.148,0],"t":213,"i":{"x":1,"y":1},"o":{"x":0,"y":0}},{"s":[50,1903.867,0],"t":214,"i":{"x":1,"y":1},"o":{"x":0,"y":0}},{"s":[50,1936.731,0],"t":215,"i":{"x":1,"y":1},"o":{"x":0,"y":0}},{"s":[50,1951.03,0],"t":216,"i":{"x":1,"y":1},"o":{"x":0,"y":0}},{"s":[50,-30.297,0],"t":217,"i":{"x":1,"y":1},"o":{"x":0,"y":0}},{"s":[50,-5.248,0],"t":218,"i":{"x":1,"y":1},"o":{"x":0,"y":0}},{"s":[50,37.4,0],"t":219,"i":{"x":1,"y":1},"o":{"x":0,"y":0}},{"s":[50,95.91,0],"t":220,"i":{"x":1,"y":1},"o":{"x":0,"y":0}},{"s":[50,168.589,0],"t":221,"i":{"x":1,"y":1},"o":{"x":0,"y":0}},{"s":[50,253.705,0],"t":222,"i":{"x":1,"y":1},"o":{"x":0,"y":0}},{"s":[50,349.523,0],"t":223,"i":{"x":1,"y":1},"o":{"x":0,"y":0}},{"s":[50,454.347,0],"t":224,"i":{"x":1,"y":1},"o":{"x":0,"y":0}},{"s":[50,566.442,0],"t":225,"i":{"x":1,"y":1},"o":{"x":0,"y":0}},{"s":[50,684.094,0],"t":226,"i":{"x":1,"y":1},"o":{"x":0,"y":0}},{"s":[50,805.578,0],"t":227,"i":{"x":1,"y":1},"o":{"x":0,"y":0}},{"s":[50,929.175,0],"t":228,"i":{"x":1,"y":1},"o":{"x":0,"y":0}},{"s":[50,1053.159,0],"t":229,"i":{"x":1,"y":1},"o":{"x":0,"y":0}},{"s":[50,1175.828,0],"t":230,"i":{"x":1,"y":1},"o":{"x":0,"y":0}},{"s":[50,1295.441,0],"t":231,"i":{"x":1,"y":1},"o":{"x":0,"y":0}},{"s":[50,1410.284,0],"t":232,"i":{"x":1,"y":1},"o":{"x":0,"y":0}},{"s":[50,1518.637,0],"t":233,"i":{"x":1,"y":1},"o":{"x":0,"y":0}},{"s":[50,1618.789,0],"t":234,"i":{"x":1,"y":1},"o":{"x":0,"y":0}},{"s":[50,1709.002,0],"t":235,"i":{"x":1,"y":1},"o":{"x":0,"y":0}},{"s":[50,1787.562,0],"t":236,"i":{"x":1,"y":1},"o":{"x":0,"y":0}},{"s":[50,1852.761,0],"t":237,"i":{"x":1,"y":1},"o":{"x":0,"y":0}},{"s":[50,1902.863,0],"t":238,"i":{"x":1,"y":1},"o":{"x":0,"y":0}},{"s":[50,1936.152,0],"t":239,"i":{"x":1,"y":1},"o":{"x":0,"y":0}},{"s":[50,1950.919,0],"t":240,"i":{"x":1,"y":1},"o":{"x":0,"y":0}},{"s":[50,-30.671,0],"t":241,"i":{"x":1,"y":1},"o":{"x":0,"y":0}},{"s":[50,-6.062,0],"t":242,"i":{"x":1,"y":1},"o":{"x":0,"y":0}},{"s":[50,36.182,0],"t":243,"i":{"x":1,"y":1},"o":{"x":0,"y":0}},{"s":[50,94.332,0],"t":244,"i":{"x":1,"y":1},"o":{"x":0,"y":0}},{"s":[50,166.691,0],"t":245,"i":{"x":1,"y":1},"o":{"x":0,"y":0}},{"s":[50,251.527,0],"t":246,"i":{"x":1,"y":1},"o":{"x":0,"y":0}},{"s":[50,347.109,0],"t":247,"i":{"x":1,"y":1},"o":{"x":0,"y":0}},{"s":[50,451.737,0],"t":248,"i":{"x":1,"y":1},"o":{"x":0,"y":0}},{"s":[50,563.677,0],"t":249,"i":{"x":1,"y":1},"o":{"x":0,"y":0}},{"s":[50,681.216,0],"t":250,"i":{"x":1,"y":1},"o":{"x":0,"y":0}},{"s":[50,802.628,0],"t":251,"i":{"x":1,"y":1},"o":{"x":0,"y":0}},{"s":[50,926.194,0],"t":252,"i":{"x":1,"y":1},"o":{"x":0,"y":0}},{"s":[50,1050.189,0],"t":253,"i":{"x":1,"y":1},"o":{"x":0,"y":0}},{"s":[50,1172.91,0],"t":254,"i":{"x":1,"y":1},"o":{"x":0,"y":0}},{"s":[50,1292.616,0],"t":255,"i":{"x":1,"y":1},"o":{"x":0,"y":0}},{"s":[50,1407.594,0],"t":256,"i":{"x":1,"y":1},"o":{"x":0,"y":0}},{"s":[50,1516.124,0],"t":257,"i":{"x":1,"y":1},"o":{"x":0,"y":0}},{"s":[50,1616.493,0],"t":258,"i":{"x":1,"y":1},"o":{"x":0,"y":0}},{"s":[50,1706.964,0],"t":259,"i":{"x":1,"y":1},"o":{"x":0,"y":0}},{"s":[50,1785.824,0],"t":260,"i":{"x":1,"y":1},"o":{"x":0,"y":0}},{"s":[50,1851.365,0],"t":261,"i":{"x":1,"y":1},"o":{"x":0,"y":0}},{"s":[50,1901.849,0],"t":262,"i":{"x":1,"y":1},"o":{"x":0,"y":0}},{"s":[50,1935.563,0],"t":263,"i":{"x":1,"y":1},"o":{"x":0,"y":0}},{"s":[50,1950.797,0],"t":264,"i":{"x":1,"y":1},"o":{"x":0,"y":0}},{"s":[50,-31.033,0],"t":265,"i":{"x":1,"y":1},"o":{"x":0,"y":0}},{"s":[50,-6.867,0],"t":266,"i":{"x":1,"y":1},"o":{"x":0,"y":0}},{"s":[50,34.974,0],"t":267,"i":{"x":1,"y":1},"o":{"x":0,"y":0}},{"s":[50,92.761,0],"t":268,"i":{"x":1,"y":1},"o":{"x":0,"y":0}},{"s":[50,164.8,0],"t":269,"i":{"x":1,"y":1},"o":{"x":0,"y":0}},{"s":[50,249.356,0],"t":270,"i":{"x":1,"y":1},"o":{"x":0,"y":0}},{"s":[50,344.699,0],"t":271,"i":{"x":1,"y":1},"o":{"x":0,"y":0}},{"s":[50,449.131,0],"t":272,"i":{"x":1,"y":1},"o":{"x":0,"y":0}},{"s":[50,560.916,0],"t":273,"i":{"x":1,"y":1},"o":{"x":0,"y":0}},{"s":[50,678.339,0],"t":274,"i":{"x":1,"y":1},"o":{"x":0,"y":0}},{"s":[50,799.679,0],"t":275,"i":{"x":1,"y":1},"o":{"x":0,"y":0}},{"s":[50,923.214,0],"t":276,"i":{"x":1,"y":1},"o":{"x":0,"y":0}},{"s":[50,1047.218,0],"t":277,"i":{"x":1,"y":1},"o":{"x":0,"y":0}},{"s":[50,1169.99,0],"t":278,"i":{"x":1,"y":1},"o":{"x":0,"y":0}},{"s":[50,1289.789,0],"t":279,"i":{"x":1,"y":1},"o":{"x":0,"y":0}},{"s":[50,1404.901,0],"t":280,"i":{"x":1,"y":1},"o":{"x":0,"y":0}},{"s":[50,1513.606,0],"t":281,"i":{"x":1,"y":1},"o":{"x":0,"y":0}},{"s":[50,1614.191,0],"t":282,"i":{"x":1,"y":1},"o":{"x":0,"y":0}},{"s":[50,1704.92,0],"t":283,"i":{"x":1,"y":1},"o":{"x":0,"y":0}},{"s":[50,1784.079,0],"t":284,"i":{"x":1,"y":1},"o":{"x":0,"y":0}},{"s":[50,1849.96,0],"t":285,"i":{"x":1,"y":1},"o":{"x":0,"y":0}},{"s":[50,1900.826,0],"t":286,"i":{"x":1,"y":1},"o":{"x":0,"y":0}},{"s":[50,1934.963,0],"t":287,"i":{"x":1,"y":1},"o":{"x":0,"y":0}},{"s":[50,1950.664,0],"t":288,"i":{"x":1,"y":1},"o":{"x":0,"y":0}},{"s":[50,-31.384,0],"t":289,"i":{"x":1,"y":1},"o":{"x":0,"y":0}},{"s":[50,-7.661,0],"t":290,"i":{"x":1,"y":1},"o":{"x":0,"y":0}},{"s":[50,33.775,0],"t":291,"i":{"x":1,"y":1},"o":{"x":0,"y":0}},{"s":[50,91.199,0],"t":292,"i":{"x":1,"y":1},"o":{"x":0,"y":0}},{"s":[50,162.916,0],"t":293,"i":{"x":1,"y":1},"o":{"x":0,"y":0}},{"s":[50,247.191,0],"t":294,"i":{"x":1,"y":1},"o":{"x":0,"y":0}},{"s":[50,342.295,0],"t":295,"i":{"x":1,"y":1},"o":{"x":0,"y":0}},{"s":[50,446.529,0],"t":296,"i":{"x":1,"y":1},"o":{"x":0,"y":0}},{"s":[50,558.157,0],"t":297,"i":{"x":1,"y":1},"o":{"x":0,"y":0}},{"s":[50,675.466,0],"t":298,"i":{"x":1,"y":1},"o":{"x":0,"y":0}},{"s":[50,796.731,0],"t":299,"i":{"x":1,"y":1},"o":{"x":0,"y":0}},{"s":[50,920.234,0],"t":300,"i":{"x":1,"y":1},"o":{"x":0,"y":0}},{"s":[50,1044.247,0],"t":301,"i":{"x":1,"y":1},"o":{"x":0,"y":0}},{"s":[50,1167.069,0],"t":302,"i":{"x":1,"y":1},"o":{"x":0,"y":0}},{"s":[50,1286.959,0],"t":303,"i":{"x":1,"y":1},"o":{"x":0,"y":0}},{"s":[50,1402.204,0],"t":304,"i":{"x":1,"y":1},"o":{"x":0,"y":0}},{"s":[50,1511.083,0],"t":305,"i":{"x":1,"y":1},"o":{"x":0,"y":0}},{"s":[50,1611.883,0],"t":306,"i":{"x":1,"y":1},"o":{"x":0,"y":0}},{"s":[50,1702.868,0],"t":307,"i":{"x":1,"y":1},"o":{"x":0,"y":0}},{"s":[50,1782.326,0],"t":308,"i":{"x":1,"y":1},"o":{"x":0,"y":0}},{"s":[50,1848.547,0],"t":309,"i":{"x":1,"y":1},"o":{"x":0,"y":0}},{"s":[50,1899.793,0],"t":310,"i":{"x":1,"y":1},"o":{"x":0,"y":0}},{"s":[50,1934.352,0],"t":311,"i":{"x":1,"y":1},"o":{"x":0,"y":0}},{"s":[50,1950.518,0],"t":312,"i":{"x":1,"y":1},"o":{"x":0,"y":0}},{"s":[50,-31.724,0],"t":313,"i":{"x":1,"y":1},"o":{"x":0,"y":0}},{"s":[50,-8.445,0],"t":314,"i":{"x":1,"y":1},"o":{"x":0,"y":0}},{"s":[50,32.585,0],"t":315,"i":{"x":1,"y":1},"o":{"x":0,"y":0}},{"s":[50,89.645,0],"t":316,"i":{"x":1,"y":1},"o":{"x":0,"y":0}},{"s":[50,161.039,0],"t":317,"i":{"x":1,"y":1},"o":{"x":0,"y":0}},{"s":[50,245.032,0],"t":318,"i":{"x":1,"y":1},"o":{"x":0,"y":0}},{"s":[50,339.896,0],"t":319,"i":{"x":1,"y":1},"o":{"x":0,"y":0}},{"s":[50,443.932,0],"t":320,"i":{"x":1,"y":1},"o":{"x":0,"y":0}},{"s":[50,555.402,0],"t":321,"i":{"x":1,"y":1},"o":{"x":0,"y":0}},{"s":[50,672.594,0],"t":322,"i":{"x":1,"y":1},"o":{"x":0,"y":0}},{"s":[50,793.784,0],"t":323,"i":{"x":1,"y":1},"o":{"x":0,"y":0}},{"s":[50,917.254,0],"t":324,"i":{"x":1,"y":1},"o":{"x":0,"y":0}},{"s":[50,1041.275,0],"t":325,"i":{"x":1,"y":1},"o":{"x":0,"y":0}},{"s":[50,1164.145,0],"t":326,"i":{"x":1,"y":1},"o":{"x":0,"y":0}},{"s":[50,1284.126,0],"t":327,"i":{"x":1,"y":1},"o":{"x":0,"y":0}},{"s":[50,1399.503,0],"t":328,"i":{"x":1,"y":1},"o":{"x":0,"y":0}},{"s":[50,1508.555,0],"t":329,"i":{"x":1,"y":1},"o":{"x":0,"y":0}},{"s":[50,1609.57,0],"t":330,"i":{"x":1,"y":1},"o":{"x":0,"y":0}},{"s":[50,1700.81,0],"t":331,"i":{"x":1,"y":1},"o":{"x":0,"y":0}},{"s":[50,1780.566,0],"t":332,"i":{"x":1,"y":1},"o":{"x":0,"y":0}},{"s":[50,1847.125,0],"t":333,"i":{"x":1,"y":1},"o":{"x":0,"y":0}},{"s":[50,1898.75,0],"t":334,"i":{"x":1,"y":1},"o":{"x":0,"y":0}},{"s":[50,1933.731,0],"t":335,"i":{"x":1,"y":1},"o":{"x":0,"y":0}},{"s":[50,1950.361,0],"t":336,"i":{"x":1,"y":1},"o":{"x":0,"y":0}},{"s":[50,-32.053,0],"t":337,"i":{"x":1,"y":1},"o":{"x":0,"y":0}},{"s":[50,-9.219,0],"t":338,"i":{"x":1,"y":1},"o":{"x":0,"y":0}},{"s":[50,31.404,0],"t":339,"i":{"x":1,"y":1},"o":{"x":0,"y":0}},{"s":[50,88.099,0],"t":340,"i":{"x":1,"y":1},"o":{"x":0,"y":0}},{"s":[50,159.17,0],"t":341,"i":{"x":1,"y":1},"o":{"x":0,"y":0}},{"s":[50,242.88,0],"t":342,"i":{"x":1,"y":1},"o":{"x":0,"y":0}},{"s":[50,337.502,0],"t":343,"i":{"x":1,"y":1},"o":{"x":0,"y":0}},{"s":[50,441.339,0],"t":344,"i":{"x":1,"y":1},"o":{"x":0,"y":0}},{"s":[50,552.65,0],"t":345,"i":{"x":1,"y":1},"o":{"x":0,"y":0}},{"s":[50,669.725,0],"t":346,"i":{"x":1,"y":1},"o":{"x":0,"y":0}},{"s":[50,790.839,0],"t":347,"i":{"x":1,"y":1},"o":{"x":0,"y":0}},{"s":[50,914.275,0],"t":348,"i":{"x":1,"y":1},"o":{"x":0,"y":0}},{"s":[50,1038.302,0],"t":349,"i":{"x":1,"y":1},"o":{"x":0,"y":0}},{"s":[50,1161.22,0],"t":350,"i":{"x":1,"y":1},"o":{"x":0,"y":0}},{"s":[50,1281.29,0],"t":351,"i":{"x":1,"y":1},"o":{"x":0,"y":0}},{"s":[50,1396.798,0],"t":352,"i":{"x":1,"y":1},"o":{"x":0,"y":0}},{"s":[50,1506.023,0],"t":353,"i":{"x":1,"y":1},"o":{"x":0,"y":0}},{"s":[50,1607.251,0],"t":354,"i":{"x":1,"y":1},"o":{"x":0,"y":0}},{"s":[50,1698.746,0],"t":355,"i":{"x":1,"y":1},"o":{"x":0,"y":0}},{"s":[50,1778.798,0],"t":356,"i":{"x":1,"y":1},"o":{"x":0,"y":0}},{"s":[50,1845.694,0],"t":357,"i":{"x":1,"y":1},"o":{"x":0,"y":0}},{"s":[50,1897.698,0],"t":358,"i":{"x":1,"y":1},"o":{"x":0,"y":0}},{"s":[50,1933.099,0],"t":359,"i":{"x":1,"y":1},"o":{"x":0,"y":0}},{"s":[50,1950.193,0],"t":360,"i":{"x":1,"y":1},"o":{"x":0,"y":0}}],"l":2},"a":{"a":0,"k":[18,-266.5,0],"ix":1,"l":2},"s":{"a":0,"k":[100,100,100],"ix":6,"l":2}},"ao":0,"shapes":[{"ty":"gr","it":[{"ind":0,"ty":"sh","ix":1,"ks":{"a":0,"k":{"i":[[0,0],[0,0]],"o":[[0,0],[0,0]],"v":[[18,-301],[18,-232]],"c":false},"ix":2},"nm":"Path 1","mn":"ADBE Vector Shape - Group","hd":false},{"ty":"st","c":{"a":0,"k":[0.30980392156862746,0.7607843137254902,0.8784313725490196,1],"ix":3},"o":{"a":0,"k":100,"ix":4},"w":{"a":0,"k":2,"ix":5},"lc":1,"lj":1,"ml":4,"bm":0,"nm":"Stroke 1","mn":"ADBE Vector Graphic - Stroke","hd":false},{"ty":"tr","p":{"a":0,"k":[0,0],"ix":2},"a":{"a":0,"k":[0,0],"ix":1},"s":{"a":0,"k":[100,100],"ix":3},"r":{"a":0,"k":0,"ix":6},"o":{"a":0,"k":100,"ix":7},"sk":{"a":0,"k":0,"ix":4},"sa":{"a":0,"k":0,"ix":5},"nm":"Transform"}],"nm":"Shape 1","np":3,"cix":2,"bm":0,"ix":1,"mn":"ADBE Vector Group","hd":false}],"ip":0,"op":489.48948948949,"st":0,"bm":0}]}],"layers":[{"ddd":0,"ind":1,"ty":0,"nm":"Rain","refId":"comp_0","sr":1,"ks":{"o":{"a":0,"k":100,"ix":11},"r":{"a":0,"k":0,"ix":10},"p":{"a":0,"k":[540,540,0],"ix":2,"l":2},"a":{"a":0,"k":[500,500,0],"ix":1,"l":2},"s":{"a":0,"k":[108,108,100],"ix":6,"l":2}},"ao":0,"w":1000,"h":1000,"ip":1,"op":361.36036036036,"st":1,"bm":0},{"ddd":0,"ind":2,"ty":0,"nm":"Rain","refId":"comp_0","sr":1,"ks":{"o":{"a":1,"k":[{"i":{"x":[0.833],"y":[0.833]},"o":{"x":[0.167],"y":[0.167]},"t":1,"s":[100]},{"t":38,"s":[0]}],"ix":11},"r":{"a":0,"k":0,"ix":10},"p":{"a":0,"k":[540,540,0],"ix":2,"l":2},"a":{"a":0,"k":[500,500,0],"ix":1,"l":2},"s":{"a":0,"k":[108,108,100],"ix":6,"l":2}},"ao":0,"w":1000,"h":1000,"ip":-130,"op":230.36036036036,"st":-130,"bm":0}],"markers":[]}